#pragma once
#include <stdint.h>
#include <pgmspace.h>

// Auto-generated 800x480 boot logo JPEG (23229 bytes)
static const uint8_t boot_logo_jpg[23229] PROGMEM = {
    0xFF, 0xD8, 0xFF, 0xE0, 0x00, 0x10, 0x4A, 0x46, 0x49, 0x46, 0x00, 0x01, 0x01, 0x00, 0x00, 0x01,
    0x00, 0x01, 0x00, 0x00, 0xFF, 0xDB, 0x00, 0x43, 0x00, 0x03, 0x02, 0x02, 0x02, 0x02, 0x02, 0x03,
    0x02, 0x02, 0x02, 0x03, 0x03, 0x03, 0x03, 0x04, 0x06, 0x04, 0x04, 0x04, 0x04, 0x04, 0x08, 0x06,
    0x06, 0x05, 0x06, 0x09, 0x08, 0x0A, 0x0A, 0x09, 0x08, 0x09, 0x09, 0x0A, 0x0C, 0x0F, 0x0C, 0x0A,
    0x0B, 0x0E, 0x0B, 0x09, 0x09, 0x0D, 0x11, 0x0D, 0x0E, 0x0F, 0x10, 0x10, 0x11, 0x10, 0x0A, 0x0C,
    0x12, 0x13, 0x12, 0x10, 0x13, 0x0F, 0x10, 0x10, 0x10, 0xFF, 0xDB, 0x00, 0x43, 0x01, 0x03, 0x03,
    0x03, 0x04, 0x03, 0x04, 0x08, 0x04, 0x04, 0x08, 0x10, 0x0B, 0x09, 0x0B, 0x10, 0x10, 0x10, 0x10,
    0x10, 0x10, 0x10, 0x10, 0x10, 0x10, 0x10, 0x10, 0x10, 0x10, 0x10, 0x10, 0x10, 0x10, 0x10, 0x10,
    0x10, 0x10, 0x10, 0x10, 0x10, 0x10, 0x10, 0x10, 0x10, 0x10, 0x10, 0x10, 0x10, 0x10, 0x10, 0x10,
    0x10, 0x10, 0x10, 0x10, 0x10, 0x10, 0x10, 0x10, 0x10, 0x10, 0x10, 0x10, 0x10, 0x10, 0xFF, 0xC0,
    0x00, 0x11, 0x08, 0x01, 0xE0, 0x03, 0x20, 0x03, 0x01, 0x22, 0x00, 0x02, 0x11, 0x01, 0x03, 0x11,
    0x01, 0xFF, 0xC4, 0x00, 0x1F, 0x00, 0x00, 0x01, 0x05, 0x01, 0x01, 0x01, 0x01, 0x01, 0x01, 0x00,
    0x00, 0x00, 0x00, 0x00, 0x00, 0x00, 0x00, 0x01, 0x02, 0x03, 0x04, 0x05, 0x06, 0x07, 0x08, 0x09,
    0x0A, 0x0B, 0xFF, 0xC4, 0x00, 0xB5, 0x10, 0x00, 0x02, 0x01, 0x03, 0x03, 0x02, 0x04, 0x03, 0x05,
    0x05, 0x04, 0x04, 0x00, 0x00, 0x01, 0x7D, 0x01, 0x02, 0x03, 0x00, 0x04, 0x11, 0x05, 0x12, 0x21,
    0x31, 0x41, 0x06, 0x13, 0x51, 0x61, 0x07, 0x22, 0x71, 0x14, 0x32, 0x81, 0x91, 0xA1, 0x08, 0x23,
    0x42, 0xB1, 0xC1, 0x15, 0x52, 0xD1, 0xF0, 0x24, 0x33, 0x62, 0x72, 0x82, 0x09, 0x0A, 0x16, 0x17,
    0x18, 0x19, 0x1A, 0x25, 0x26, 0x27, 0x28, 0x29, 0x2A, 0x34, 0x35, 0x36, 0x37, 0x38, 0x39, 0x3A,
    0x43, 0x44, 0x45, 0x46, 0x47, 0x48, 0x49, 0x4A, 0x53, 0x54, 0x55, 0x56, 0x57, 0x58, 0x59, 0x5A,
    0x63, 0x64, 0x65, 0x66, 0x67, 0x68, 0x69, 0x6A, 0x73, 0x74, 0x75, 0x76, 0x77, 0x78, 0x79, 0x7A,
    0x83, 0x84, 0x85, 0x86, 0x87, 0x88, 0x89, 0x8A, 0x92, 0x93, 0x94, 0x95, 0x96, 0x97, 0x98, 0x99,
    0x9A, 0xA2, 0xA3, 0xA4, 0xA5, 0xA6, 0xA7, 0xA8, 0xA9, 0xAA, 0xB2, 0xB3, 0xB4, 0xB5, 0xB6, 0xB7,
    0xB8, 0xB9, 0xBA, 0xC2, 0xC3, 0xC4, 0xC5, 0xC6, 0xC7, 0xC8, 0xC9, 0xCA, 0xD2, 0xD3, 0xD4, 0xD5,
    0xD6, 0xD7, 0xD8, 0xD9, 0xDA, 0xE1, 0xE2, 0xE3, 0xE4, 0xE5, 0xE6, 0xE7, 0xE8, 0xE9, 0xEA, 0xF1,
    0xF2, 0xF3, 0xF4, 0xF5, 0xF6, 0xF7, 0xF8, 0xF9, 0xFA, 0xFF, 0xC4, 0x00, 0x1F, 0x01, 0x00, 0x03,
    0x01, 0x01, 0x01, 0x01, 0x01, 0x01, 0x01, 0x01, 0x01, 0x00, 0x00, 0x00, 0x00, 0x00, 0x00, 0x01,
    0x02, 0x03, 0x04, 0x05, 0x06, 0x07, 0x08, 0x09, 0x0A, 0x0B, 0xFF, 0xC4, 0x00, 0xB5, 0x11, 0x00,
    0x02, 0x01, 0x02, 0x04, 0x04, 0x03, 0x04, 0x07, 0x05, 0x04, 0x04, 0x00, 0x01, 0x02, 0x77, 0x00,
    0x01, 0x02, 0x03, 0x11, 0x04, 0x05, 0x21, 0x31, 0x06, 0x12, 0x41, 0x51, 0x07, 0x61, 0x71, 0x13,
    0x22, 0x32, 0x81, 0x08, 0x14, 0x42, 0x91, 0xA1, 0xB1, 0xC1, 0x09, 0x23, 0x33, 0x52, 0xF0, 0x15,
    0x62, 0x72, 0xD1, 0x0A, 0x16, 0x24, 0x34, 0xE1, 0x25, 0xF1, 0x17, 0x18, 0x19, 0x1A, 0x26, 0x27,
    0x28, 0x29, 0x2A, 0x35, 0x36, 0x37, 0x38, 0x39, 0x3A, 0x43, 0x44, 0x45, 0x46, 0x47, 0x48, 0x49,
    0x4A, 0x53, 0x54, 0x55, 0x56, 0x57, 0x58, 0x59, 0x5A, 0x63, 0x64, 0x65, 0x66, 0x67, 0x68, 0x69,
    0x6A, 0x73, 0x74, 0x75, 0x76, 0x77, 0x78, 0x79, 0x7A, 0x82, 0x83, 0x84, 0x85, 0x86, 0x87, 0x88,
    0x89, 0x8A, 0x92, 0x93, 0x94, 0x95, 0x96, 0x97, 0x98, 0x99, 0x9A, 0xA2, 0xA3, 0xA4, 0xA5, 0xA6,
    0xA7, 0xA8, 0xA9, 0xAA, 0xB2, 0xB3, 0xB4, 0xB5, 0xB6, 0xB7, 0xB8, 0xB9, 0xBA, 0xC2, 0xC3, 0xC4,
    0xC5, 0xC6, 0xC7, 0xC8, 0xC9, 0xCA, 0xD2, 0xD3, 0xD4, 0xD5, 0xD6, 0xD7, 0xD8, 0xD9, 0xDA, 0xE2,
    0xE3, 0xE4, 0xE5, 0xE6, 0xE7, 0xE8, 0xE9, 0xEA, 0xF2, 0xF3, 0xF4, 0xF5, 0xF6, 0xF7, 0xF8, 0xF9,
    0xFA, 0xFF, 0xDA, 0x00, 0x0C, 0x03, 0x01, 0x00, 0x02, 0x11, 0x03, 0x11, 0x00, 0x3F, 0x00, 0xFC,
    0xAA, 0xA2, 0x83, 0x45, 0x00, 0x14, 0x51, 0x47, 0x7A, 0x00, 0x28, 0xA2, 0x8A, 0x00, 0x28, 0xA2,
    0x8A, 0x00, 0x28, 0xA2, 0x8E, 0x68, 0x00, 0xA2, 0x8A, 0x28, 0x01, 0x69, 0x28, 0xA2, 0x80, 0x0A,
    0x3F, 0xC9, 0xA2, 0x8A, 0x00, 0x38, 0xCD, 0x2E, 0x69, 0x3F, 0x0A, 0x28, 0x00, 0xE2, 0x96, 0x92,
    0x96, 0x80, 0x0A, 0x3A, 0xD2, 0x51, 0x40, 0x07, 0xF4, 0xA5, 0xFA, 0xD2, 0x51, 0x40, 0x07, 0xE3,
    0x4B, 0x9A, 0x4A, 0x28, 0x00, 0xA3, 0xA5, 0x1D, 0xE8, 0xA0, 0x05, 0xFC, 0x69, 0x28, 0xA3, 0xDA,
    0x80, 0x16, 0x93, 0xF1, 0xA0, 0xD1, 0x40, 0x05, 0x2D, 0x25, 0x14, 0x00, 0xB4, 0x94, 0x51, 0x40,
    0x0B, 0x49, 0x45, 0x14, 0x00, 0xB4, 0x52, 0x7E, 0x14, 0x73, 0x40, 0x0B, 0xF8, 0xD1, 0x49, 0xF8,
    0x51, 0x40, 0x0B, 0x49, 0x45, 0x14, 0x00, 0x51, 0x45, 0x03, 0xDA, 0x80, 0x01, 0x45, 0x14, 0x50,
    0x01, 0x45, 0x1F, 0x4A, 0x3F, 0x0A, 0x00, 0x28, 0xED, 0x45, 0x14, 0x00, 0x51, 0x45, 0x14, 0x00,
    0x52, 0xE7, 0x14, 0x94, 0x50, 0x02, 0xE6, 0x8F, 0xAD, 0x27, 0xE5, 0x45, 0x00, 0x2D, 0x26, 0x7D,
    0xE8, 0xA2, 0x80, 0x17, 0xE9, 0x49, 0x45, 0x14, 0x00, 0x52, 0xE6, 0x92, 0x8A, 0x00, 0x29, 0x69,
    0x28, 0xA0, 0x03, 0x14, 0x51, 0x45, 0x00, 0x02, 0x96, 0x92, 0x8A, 0x00, 0x29, 0x73, 0xE9, 0x49,
    0x45, 0x00, 0x2D, 0x25, 0x14, 0x73, 0xE9, 0x40, 0x05, 0x1D, 0x68, 0xA2, 0x80, 0x0F, 0xAD, 0x14,
    0x51, 0x40, 0x05, 0x06, 0x8A, 0x28, 0x00, 0xA3, 0xDA, 0x8A, 0x28, 0x00, 0xA5, 0xA4, 0xA2, 0x80,
    0x0F, 0x7A, 0x5C, 0xFA, 0x52, 0x76, 0xA2, 0x80, 0x16, 0x92, 0x8A, 0x28, 0x01, 0x69, 0x28, 0xA2,
    0x80, 0x0A, 0x28, 0xA0, 0x50, 0x01, 0x45, 0x14, 0x50, 0x01, 0x45, 0x14, 0x50, 0x01, 0x45, 0x14,
    0x50, 0x01, 0x4E, 0x14, 0xDA, 0x51, 0x40, 0x09, 0x45, 0x06, 0x8A, 0x00, 0x28, 0xA3, 0xF1, 0xA2,
    0x80, 0x0A, 0x28, 0xA2, 0x80, 0x0A, 0x28, 0xA0, 0xD0, 0x01, 0x45, 0x1C, 0xD1, 0x40, 0x05, 0x14,
    0x51, 0x40, 0x05, 0x14, 0x51, 0x40, 0x05, 0x14, 0x51, 0x40, 0x05, 0x14, 0x51, 0x9A, 0x00, 0x28,
    0xA2, 0x8C, 0xD0, 0x01, 0x45, 0x1F, 0x8D, 0x19, 0xA0, 0x02, 0x8A, 0x28, 0xC9, 0xA0, 0x03, 0xE9,
    0x45, 0x14, 0x50, 0x01, 0x47, 0x14, 0x75, 0xA2, 0x80, 0x0A, 0x28, 0xA2, 0x80, 0x0A, 0x28, 0xFC,
    0x68, 0xFA, 0x9A, 0x00, 0x0D, 0x1C, 0x51, 0x46, 0x68, 0x00, 0xA3, 0x8A, 0x28, 0xA0, 0x02, 0x8A,
    0x28, 0xA0, 0x02, 0x8A, 0x28, 0xA0, 0x02, 0x8E, 0x28, 0xA2, 0x80, 0x0E, 0x28, 0xA2, 0x8A, 0x00,
    0x28, 0xA2, 0x8A, 0x00, 0x28, 0xE2, 0x8A, 0x3F, 0x1A, 0x00, 0x28, 0xA3, 0x9A, 0x28, 0x00, 0xA2,
    0x8A, 0x39, 0xF5, 0xA0, 0x02, 0x8A, 0x3F, 0x1A, 0x39, 0xA0, 0x02, 0x8A, 0x28, 0xA0, 0x02, 0x8A,
    0x28, 0xA0, 0x02, 0x8A, 0x3F, 0x1A, 0x28, 0x00, 0xA2, 0x8A, 0x3F, 0x1A, 0x00, 0x28, 0xA3, 0xF1,
    0xA3, 0xF1, 0xA0, 0x02, 0x8E, 0x28, 0xED, 0x45, 0x00, 0x1F, 0x5A, 0x28, 0xA0, 0x66, 0x80, 0x0A,
    0x28, 0xA3, 0xF1, 0xA0, 0x02, 0x8A, 0x28, 0xA0, 0x02, 0x8A, 0x28, 0xA0, 0x03, 0x8A, 0x28, 0x14,
    0x50, 0x01, 0x45, 0x14, 0x50, 0x01, 0x45, 0x14, 0x50, 0x01, 0x45, 0x1C, 0xD1, 0xDA, 0x80, 0x0A,
    0x38, 0xA3, 0xF1, 0xA5, 0xFC, 0x68, 0x01, 0x28, 0xE2, 0x8F, 0xC6, 0x8A, 0x00, 0x28, 0xFC, 0x68,
    0xA2, 0x80, 0x0A, 0x28, 0x14, 0x50, 0x01, 0x45, 0x1C, 0xD1, 0x40, 0x05, 0x14, 0x0A, 0x3F, 0x1A,
    0x00, 0x28, 0xA0, 0x51, 0x40, 0x05, 0x14, 0x51, 0x40, 0x05, 0x28, 0xA4, 0xA5, 0x14, 0x00, 0x87,
    0xAD, 0x14, 0x1E, 0xB4, 0x50, 0x01, 0x45, 0x14, 0x50, 0x01, 0x45, 0x14, 0x50, 0x01, 0x45, 0x14,
    0x50, 0x01, 0xF8, 0x51, 0x45, 0x14, 0x00, 0x51, 0x45, 0x14, 0x00, 0x51, 0x45, 0x14, 0x00, 0x51,
    0x45, 0x14, 0x00, 0x51, 0x45, 0x14, 0x00, 0x51, 0x45, 0x14, 0x00, 0x7E, 0x14, 0x51, 0x45, 0x00,
    0x14, 0x51, 0x45, 0x00, 0x19, 0xA2, 0x8A, 0x28, 0x00, 0xA2, 0x8A, 0x28, 0x00, 0xA2, 0x8A, 0x28,
    0x00, 0xA2, 0x8A, 0x28, 0x00, 0xA2, 0x8A, 0x28, 0x00, 0xA2, 0x8A, 0x28, 0x00, 0xA2, 0x8A, 0x28,
    0x00, 0xA2, 0x8F, 0xA5, 0x14, 0x00, 0x51, 0x45, 0x14, 0x00, 0x51, 0x45, 0x14, 0x00, 0x51, 0x45,
    0x14, 0x00, 0x51, 0x45, 0x14, 0x00, 0x51, 0x47, 0xE3, 0x47, 0xE3, 0x40, 0x05, 0x14, 0x7E, 0x34,
    0x50, 0x01, 0xD3, 0xB5, 0x14, 0x51, 0x40, 0x05, 0x1F, 0x85, 0x14, 0x50, 0x01, 0x45, 0x14, 0x1A,
    0x00, 0x28, 0xA2, 0x8A, 0x00, 0x0D, 0x14, 0x51, 0x40, 0x05, 0x14, 0x51, 0x40, 0x05, 0x14, 0x51,
    0x40, 0x05, 0x14, 0x51, 0x40, 0x07, 0xE1, 0x45, 0x14, 0x50, 0x01, 0x45, 0x14, 0x50, 0x01, 0x45,
    0x14, 0x50, 0x01, 0x45, 0x14, 0x50, 0x01, 0x45, 0x14, 0x50, 0x01, 0x45, 0x1F, 0x5A, 0x3F, 0x1A,
    0x00, 0x28, 0xA2, 0x8A, 0x00, 0x28, 0xA2, 0x8A, 0x00, 0x28, 0xC5, 0x1F, 0x8D, 0x1C, 0x50, 0x01,
    0x45, 0x14, 0x50, 0x01, 0x45, 0x14, 0x50, 0x01, 0x45, 0x14, 0x50, 0x01, 0x45, 0x14, 0x50, 0x01,
    0x45, 0x14, 0x50, 0x01, 0x45, 0x14, 0x50, 0x01, 0x4A, 0x29, 0x29, 0x45, 0x00, 0x21, 0xEB, 0x45,
    0x14, 0x50, 0x01, 0x45, 0x14, 0x50, 0x01, 0x45, 0x14, 0x50, 0x01, 0x45, 0x14, 0x50, 0x01, 0x45,
    0x14, 0x50, 0x01, 0x45, 0x14, 0x50, 0x01, 0x45, 0x14, 0x50, 0x01, 0x45, 0x14, 0x50, 0x01, 0x45,
    0x14, 0x50, 0x01, 0x47, 0xE1, 0x45, 0x14, 0x00, 0x51, 0x45, 0x14, 0x00, 0x51, 0x45, 0x14, 0x00,
    0x51, 0x45, 0x14, 0x00, 0x51, 0x45, 0x14, 0x00, 0x51, 0x45, 0x14, 0x00, 0x51, 0x45, 0x14, 0x00,
    0x51, 0x45, 0x14, 0x00, 0x51, 0xF5, 0xA2, 0x8A, 0x00, 0x3F, 0x0A, 0x3F, 0x0A, 0x28, 0xA0, 0x02,
    0x8A, 0x28, 0xA0, 0x02, 0x8A, 0x28, 0xA0, 0x02, 0x8A, 0x28, 0xA0, 0x02, 0x8A, 0x28, 0xA0, 0x02,
    0x8F, 0xC2, 0x8A, 0x28, 0x00, 0xEF, 0x45, 0x14, 0x50, 0x01, 0x45, 0x14, 0x71, 0x40, 0x05, 0x06,
    0x8E, 0x28, 0xA0, 0x02, 0x8A, 0x28, 0xE2, 0x80, 0x0A, 0x28, 0xA2, 0x80, 0x0A, 0x28, 0xA2, 0x80,
    0x0A, 0x28, 0xA2, 0x80, 0x0A, 0x28, 0xA2, 0x80, 0x0A, 0x3F, 0x0A, 0x28, 0xA0, 0x02, 0x8A, 0x28,
    0xA0, 0x02, 0x8A, 0x28, 0xA0, 0x00, 0x51, 0x45, 0x14, 0x00, 0x51, 0x45, 0x14, 0x00, 0x51, 0x45,
    0x14, 0x00, 0x51, 0xD2, 0x8A, 0x28, 0x00, 0xA2, 0x8A, 0x28, 0x00, 0xA2, 0x8A, 0x28, 0x00, 0xA2,
    0x8A, 0x28, 0x00, 0xA2, 0x8A, 0x28, 0x00, 0xA2, 0x8A, 0x28, 0x00, 0xA2, 0x8A, 0x28, 0x00, 0xFC,
    0x28, 0xFC, 0x28, 0xA2, 0x80, 0x0A, 0x28, 0xA2, 0x80, 0x0A, 0x28, 0xA2, 0x80, 0x0A, 0x28, 0xA2,
    0x80, 0x0A, 0x51, 0x49, 0x4A, 0x28, 0x01, 0x0D, 0x14, 0x1E, 0xB4, 0x50, 0x01, 0x45, 0x14, 0x50,
    0x01, 0x45, 0x14, 0x50, 0x01, 0x45, 0x14, 0x50, 0x01, 0x45, 0x14, 0x50, 0x01, 0x45, 0x14, 0x50,
    0x01, 0x45, 0x14, 0x50, 0x01, 0x45, 0x14, 0x50, 0x01, 0x45, 0x14, 0x50, 0x01, 0x45, 0x1F, 0x85,
    0x14, 0x00, 0x51, 0x45, 0x14, 0x00, 0x51, 0x45, 0x14, 0x00, 0x51, 0x45, 0x14, 0x00, 0x51, 0x45,
    0x14, 0x00, 0x51, 0x45, 0x14, 0x00, 0x51, 0x45, 0x14, 0x00, 0x51, 0x45, 0x14, 0x00, 0x51, 0x45,
    0x14, 0x00, 0x51, 0x45, 0x14, 0x00, 0x51, 0x45, 0x14, 0x00, 0x51, 0x45, 0x14, 0x00, 0x51, 0x45,
    0x14, 0x00, 0x51, 0x45, 0x14, 0x00, 0x51, 0x45, 0x14, 0x00, 0x51, 0x45, 0x14, 0x00, 0x51, 0x47,
    0x6A, 0x28, 0x00, 0xA2, 0x8F, 0xC2, 0x8A, 0x00, 0x28, 0xA2, 0x8F, 0xC2, 0x80, 0x0A, 0x28, 0xA2,
    0x80, 0x0A, 0x28, 0xA2, 0x80, 0x0A, 0x28, 0xA2, 0x80, 0x0E, 0x68, 0xA2, 0x8A, 0x00, 0x28, 0xA2,
    0x8A, 0x00, 0x28, 0xA2, 0x8F, 0xC2, 0x80, 0x0A, 0x28, 0xFC, 0x28, 0xA0, 0x02, 0x8A, 0x28, 0xA0,
    0x02, 0x8A, 0x28, 0xA0, 0x02, 0x8A, 0x28, 0xA0, 0x03, 0xEB, 0x45, 0x14, 0x50, 0x01, 0x45, 0x14,
    0x50, 0x01, 0x45, 0x14, 0x50, 0x01, 0x45, 0x14, 0x50, 0x01, 0x45, 0x14, 0x1A, 0x00, 0x28, 0xA2,
    0x8A, 0x00, 0x28, 0xA2, 0x8A, 0x00, 0x28, 0xCD, 0x14, 0x76, 0xA0, 0x02, 0x8A, 0x28, 0xA0, 0x02,
    0x8A, 0x28, 0xA0, 0x02, 0x8A, 0x28, 0xA0, 0x02, 0x94, 0x52, 0x7E, 0x14, 0xA2, 0x80, 0x10, 0xD1,
    0x41, 0xEB, 0x45, 0x00, 0x14, 0x51, 0x45, 0x00, 0x1F, 0x8D, 0x14, 0x51, 0x40, 0x05, 0x14, 0x73,
    0x45, 0x00, 0x14, 0x51, 0x45, 0x00, 0x14, 0x51, 0x47, 0xE1, 0x40, 0x05, 0x14, 0x51, 0x40, 0x05,
    0x14, 0x51, 0x40, 0x05, 0x14, 0x7B, 0xD1, 0x40, 0x05, 0x14, 0x51, 0x40, 0x05, 0x14, 0x51, 0x40,
    0x07, 0xE3, 0x45, 0x14, 0x50, 0x01, 0xF8, 0xD1, 0x45, 0x1F, 0x8D, 0x00, 0x14, 0x51, 0x45, 0x00,
    0x14, 0x51, 0x45, 0x00, 0x14, 0x51, 0x45, 0x00, 0x14, 0x51, 0x45, 0x00, 0x14, 0x51, 0x45, 0x00,
    0x14, 0x51, 0x45, 0x00, 0x14, 0x51, 0x45, 0x00, 0x14, 0x51, 0x45, 0x00, 0x14, 0x51, 0x45, 0x00,
    0x14, 0x51, 0x45, 0x00, 0x02, 0x8A, 0x28, 0xA0, 0x03, 0xF1, 0xA2, 0x8A, 0x28, 0x00, 0xA2, 0x8A,
    0x28, 0x00, 0xA2, 0x8A, 0x28, 0x00, 0xA3, 0xE9, 0x45, 0x14, 0x00, 0x51, 0x45, 0x14, 0x00, 0x51,
    0x45, 0x14, 0x00, 0x51, 0x45, 0x14, 0x00, 0x51, 0x45, 0x14, 0x00, 0x51, 0x45, 0x14, 0x00, 0x51,
    0x45, 0x14, 0x00, 0x51, 0x47, 0x34, 0x50, 0x01, 0x45, 0x14, 0x50, 0x01, 0x45, 0x1C, 0xD1, 0x40,
    0x05, 0x14, 0x51, 0x40, 0x05, 0x14, 0x51, 0x40, 0x05, 0x14, 0x51, 0x40, 0x05, 0x14, 0x51, 0x40,
    0x05, 0x14, 0x51, 0x40, 0x05, 0x14, 0x1A, 0x3F, 0x0A, 0x00, 0x28, 0xA2, 0x8A, 0x00, 0x28, 0xA2,
    0x8A, 0x00, 0x28, 0x1F, 0x5A, 0x28, 0xA0, 0x02, 0x8A, 0x28, 0xA0, 0x02, 0x8A, 0x05, 0x14, 0x00,
    0x51, 0x45, 0x14, 0x00, 0x7E, 0x34, 0xA2, 0x92, 0x94, 0x50, 0x02, 0x1E, 0xB4, 0x50, 0x68, 0xA0,
    0x02, 0x8A, 0x28, 0xA0, 0x02, 0x8A, 0x28, 0xA0, 0x02, 0x8A, 0x28, 0xA0, 0x02, 0x8A, 0x28, 0xA0,
    0x02, 0x8A, 0x28, 0xA0, 0x02, 0x8A, 0x28, 0xA0, 0x02, 0x8A, 0x28, 0xA0, 0x02, 0x8A, 0x28, 0xA0,
    0x02, 0x8A, 0x28, 0xA0, 0x02, 0x8A, 0x28, 0xA0, 0x02, 0x8E, 0x28, 0xA2, 0x80, 0x0A, 0x28, 0xA2,
    0x80, 0x0A, 0x28, 0xA2, 0x80, 0x0A, 0x28, 0xA2, 0x80, 0x0A, 0x29, 0x69, 0x28, 0x00, 0xA2, 0x8A,
    0x28, 0x00, 0xA2, 0x8A, 0x28, 0x00, 0xA2, 0x8A, 0x28, 0x00, 0xA2, 0x8A, 0x28, 0x00, 0xA2, 0x8A,
    0x28, 0x00, 0xA2, 0x8A, 0x28, 0x00, 0xA2, 0x8A, 0x28, 0x00, 0xA2, 0x8A, 0x28, 0x00, 0xA2, 0x8A,
    0x28, 0x00, 0xA2, 0x8A, 0x28, 0x00, 0xA2, 0x8A, 0x28, 0x00, 0xA2, 0x8A, 0x28, 0x00, 0xA2, 0x8A,
    0x28, 0x00, 0xA2, 0x8A, 0x28, 0x00, 0xA2, 0x8F, 0xC6, 0x8A, 0x00, 0x28, 0xA2, 0x8A, 0x00, 0x28,
    0xA2, 0x8A, 0x00, 0x28, 0xA2, 0x8A, 0x00, 0x38, 0xA2, 0x8A, 0x28, 0x00, 0xA2, 0x8A, 0x28, 0x00,
    0xA2, 0x8A, 0x28, 0x00, 0xA2, 0x8A, 0x28, 0x00, 0xA2, 0x8A, 0x28, 0x00, 0xA2, 0x8A, 0x39, 0xA0,
    0x02, 0x8A, 0x28, 0xA0, 0x02, 0x8A, 0x28, 0xA0, 0x02, 0x8E, 0xD4, 0x76, 0xA3, 0xF1, 0xA0, 0x02,
    0x8A, 0x3F, 0x1A, 0x28, 0x00, 0xA2, 0x8A, 0x28, 0x00, 0xA2, 0x8A, 0x28, 0x00, 0xA2, 0x8A, 0x28,
    0x00, 0xA2, 0x8A, 0x28, 0x00, 0xA2, 0x8A, 0x28, 0x00, 0xA5, 0x14, 0x94, 0xA2, 0x80, 0x10, 0xF5,
    0xA2, 0x83, 0x45, 0x00, 0x14, 0x51, 0x45, 0x00, 0x14, 0x62, 0x8A, 0x28, 0x00, 0xA2, 0x8A, 0x28,
    0x00, 0xA2, 0x8E, 0x94, 0x50, 0x01, 0xF8, 0x51, 0x45, 0x14, 0x00, 0x51, 0x45, 0x14, 0x00, 0x7E,
    0x14, 0x51, 0x45, 0x00, 0x14, 0x51, 0x45, 0x00, 0x14, 0x7E, 0x14, 0x51, 0x40, 0x05, 0x14, 0x7E,
    0x34, 0x50, 0x01, 0x45, 0x14, 0x50, 0x01, 0x45, 0x14, 0x50, 0x01, 0x45, 0x14, 0x50, 0x01, 0x45,
    0x14, 0x50, 0x01, 0x45, 0x14, 0x50, 0x01, 0x45, 0x14, 0x50, 0x01, 0x45, 0x14, 0x50, 0x01, 0x45,
    0x14, 0x50, 0x01, 0x45, 0x14, 0x50, 0x01, 0x47, 0xE1, 0x45, 0x1F, 0x8D, 0x00, 0x14, 0x51, 0xF8,
    0xD1, 0x40, 0x05, 0x1E, 0xF4, 0x51, 0x40, 0x05, 0x1F, 0x85, 0x02, 0x8A, 0x00, 0x28, 0xA3, 0xF1,
    0xA2, 0x80, 0x0A, 0x28, 0xA2, 0x80, 0x0A, 0x3E, 0x94, 0x51, 0x40, 0x07, 0xE1, 0x47, 0xE1, 0x45,
    0x14, 0x00, 0x51, 0x45, 0x14, 0x00, 0x51, 0x45, 0x14, 0x00, 0x51, 0xF8, 0x51, 0x47, 0xE3, 0x40,
    0x05, 0x14, 0x51, 0xCD, 0x00, 0x14, 0x51, 0x45, 0x00, 0x14, 0x51, 0x45, 0x00, 0x14, 0x51, 0x45,
    0x00, 0x14, 0x51, 0x45, 0x00, 0x14, 0x7D, 0x05, 0x14, 0x7E, 0x34, 0x00, 0x51, 0x45, 0x1F, 0x8D,
    0x00, 0x14, 0x7D, 0x28, 0xA3, 0x8F, 0x5A, 0x00, 0x28, 0xA3, 0xF1, 0xA2, 0x80, 0x0A, 0x3F, 0x0A,
    0x28, 0xFC, 0x68, 0x00, 0xA2, 0x8A, 0x28, 0x00, 0xA2, 0x8F, 0xC6, 0x8A, 0x00, 0x3F, 0x0A, 0x28,
    0xA3, 0xF1, 0xA0, 0x02, 0x8E, 0x94, 0x51, 0x40, 0x05, 0x1D, 0xA8, 0xA2, 0x80, 0x0A, 0x28, 0xA2,
    0x80, 0x03, 0x45, 0x14, 0x50, 0x01, 0x47, 0xE1, 0x45, 0x14, 0x00, 0x52, 0x8A, 0x4A, 0x51, 0x40,
    0x08, 0x7A, 0xD1, 0x41, 0xEB, 0x45, 0x00, 0x14, 0x51, 0x45, 0x00, 0x14, 0x51, 0x45, 0x00, 0x14,
    0x51, 0x45, 0x00, 0x14, 0x51, 0x45, 0x00, 0x14, 0x51, 0x45, 0x00, 0x14, 0x51, 0x45, 0x00, 0x14,
    0x51, 0x45, 0x00, 0x14, 0x51, 0x45, 0x00, 0x14, 0x51, 0x45, 0x00, 0x14, 0x51, 0x45, 0x00, 0x14,
    0x51, 0x45, 0x00, 0x14, 0x51, 0x45, 0x00, 0x14, 0x51, 0x45, 0x00, 0x14, 0x51, 0x45, 0x00, 0x1D,
    0xE8, 0xA2, 0x8A, 0x00, 0x28, 0xA2, 0x8A, 0x00, 0x28, 0xA2, 0x8A, 0x00, 0x28, 0xA2, 0x8A, 0x00,
    0x28, 0xA2, 0x8A, 0x00, 0x28, 0xA2, 0x8A, 0x00, 0x28, 0xA2, 0x8A, 0x00, 0x28, 0xA2, 0x8A, 0x00,
    0x28, 0xA2, 0x8A, 0x00, 0x28, 0xA2, 0x8A, 0x00, 0x28, 0xA2, 0x8A, 0x00, 0x28, 0xA2, 0x8A, 0x00,
    0x28, 0xA2, 0x8A, 0x00, 0x28, 0xA2, 0x8A, 0x00, 0x28, 0xA2, 0x8A, 0x00, 0x28, 0xA2, 0x8A, 0x00,
    0x28, 0xA2, 0x8A, 0x00, 0x28, 0xA2, 0x8A, 0x00, 0x3F, 0x0A, 0x28, 0xA2, 0x80, 0x0A, 0x28, 0xA2,
    0x80, 0x0A, 0x28, 0xA2, 0x80, 0x0A, 0x28, 0xA2, 0x80, 0x0F, 0xA5, 0x14, 0x51, 0xC5, 0x00, 0x14,
    0x51, 0x45, 0x00, 0x14, 0x51, 0x45, 0x00, 0x1D, 0xE8, 0xA2, 0x8A, 0x00, 0x28, 0xA3, 0x8A, 0x28,
    0x00, 0xA2, 0x8A, 0x28, 0x00, 0xA2, 0x8A, 0x38, 0xA0, 0x02, 0x8A, 0x28, 0xA0, 0x02, 0x8F, 0xC2,
    0x8A, 0x28, 0x00, 0x14, 0x51, 0x45, 0x00, 0x1E, 0xD4, 0x51, 0x45, 0x00, 0x14, 0x51, 0x47, 0x14,
    0x00, 0x52, 0x8A, 0x4A, 0x51, 0xD6, 0x80, 0x10, 0xF5, 0xA2, 0x83, 0xD6, 0x8A, 0x00, 0x28, 0xA2,
    0x8A, 0x00, 0x28, 0xA2, 0x8E, 0xF4, 0x00, 0x51, 0x45, 0x1E, 0xD4, 0x00, 0x51, 0x45, 0x14, 0x00,
    0x51, 0xD6, 0x8A, 0x28, 0x00, 0xA2, 0x8A, 0x28, 0x00, 0xA2, 0x8A, 0x28, 0x00, 0xA2, 0x8A, 0x28,
    0x00, 0xA2, 0x8A, 0x28, 0x00, 0x14, 0x51, 0x45, 0x00, 0x14, 0x51, 0x47, 0xE1, 0x40, 0x05, 0x14,
    0x51, 0x40, 0x05, 0x14, 0x51, 0x40, 0x05, 0x14, 0x51, 0x40, 0x05, 0x14, 0x7E, 0x14, 0x50, 0x01,
    0x45, 0x14, 0x50, 0x01, 0x45, 0x14, 0x50, 0x01, 0x45, 0x14, 0x50, 0x01, 0x45, 0x14, 0x50, 0x01,
    0x45, 0x14, 0x50, 0x01, 0x45, 0x14, 0x50, 0x01, 0x45, 0x14, 0x50, 0x01, 0x45, 0x14, 0x50, 0x01,
    0x45, 0x14, 0x50, 0x01, 0x45, 0x14, 0x50, 0x01, 0x45, 0x14, 0x50, 0x01, 0x47, 0x34, 0x51, 0x40,
    0x05, 0x14, 0x51, 0x40, 0x05, 0x14, 0x51, 0x40, 0x05, 0x14, 0x51, 0x40, 0x05, 0x14, 0x51, 0x40,
    0x05, 0x14, 0x51, 0x40, 0x05, 0x14, 0x51, 0xF8, 0x50, 0x01, 0x45, 0x14, 0x50, 0x01, 0x45, 0x14,
    0x50, 0x01, 0x47, 0x7A, 0x28, 0xA0, 0x03, 0xBD, 0x1F, 0x8D, 0x14, 0x50, 0x01, 0x41, 0xA2, 0x8A,
    0x00, 0x28, 0xA2, 0x8A, 0x00, 0x28, 0xA2, 0x8A, 0x00, 0x28, 0xA2, 0x8A, 0x00, 0x28, 0xA2, 0x8A,
    0x00, 0x39, 0xA2, 0x8F, 0xC2, 0x8A, 0x00, 0x39, 0xA3, 0xF1, 0xA2, 0x8A, 0x00, 0x0D, 0x14, 0x7B,
    0x62, 0x8F, 0xC2, 0x80, 0x0E, 0x7D, 0x68, 0xA3, 0xF0, 0xA2, 0x80, 0x0A, 0x28, 0xA3, 0xF0, 0xA0,
    0x00, 0x51, 0x47, 0x6A, 0x28, 0x00, 0xA5, 0x14, 0x94, 0xA2, 0x80, 0x10, 0xF5, 0xA2, 0x83, 0xD6,
    0x8A, 0x00, 0x28, 0xFC, 0x68, 0xA2, 0x80, 0x0A, 0x3F, 0x1A, 0x28, 0xA0, 0x03, 0xF1, 0xA2, 0x8A,
    0x28, 0x00, 0xA2, 0x8A, 0x28, 0x00, 0xA2, 0x8A, 0x28, 0x00, 0xA2, 0x8E, 0xD4, 0x50, 0x01, 0x45,
    0x14, 0x50, 0x01, 0x45, 0x14, 0x50, 0x01, 0x45, 0x14, 0x50, 0x01, 0x45, 0x14, 0x50, 0x01, 0x45,
    0x14, 0x50, 0x01, 0x45, 0x14, 0x50, 0x01, 0x45, 0x14, 0x50, 0x01, 0x45, 0x14, 0x50, 0x01, 0x45,
    0x14, 0x50, 0x01, 0x45, 0x14, 0x50, 0x01, 0x45, 0x14, 0x50, 0x01, 0x45, 0x14, 0x50, 0x01, 0x45,
    0x7D, 0x11, 0xFB, 0x1D, 0xFE, 0xC5, 0xBE, 0x3D, 0xFD, 0xB0, 0x3C, 0x47, 0xAC, 0x69, 0xFE, 0x1E,
    0xD5, 0x60, 0xD0, 0x34, 0x5D, 0x06, 0xD9, 0x65, 0xBE, 0xD6, 0x6E, 0xED, 0x9E, 0x68, 0x96, 0x67,
    0x38, 0x8A, 0xDD, 0x51, 0x48, 0x2D, 0x23, 0x00, 0xCD, 0xD7, 0x0A, 0xA8, 0x49, 0xEA, 0xA0, 0xFD,
    0x61, 0xFF, 0x00, 0x0E, 0x3F, 0xF1, 0xA7, 0xFD, 0x1C, 0x06, 0x89, 0xFF, 0x00, 0x82, 0x09, 0xBF,
    0xF8, 0xF5, 0x00, 0x7E, 0x63, 0xD1, 0x5F, 0x66, 0xFE, 0xD6, 0x3F, 0xF0, 0x4E, 0x98, 0x7F, 0x64,
    0xCF, 0x86, 0xEB, 0xE3, 0xAF, 0x17, 0x7C, 0x77, 0xD2, 0x35, 0x3B, 0xDB, 0xEB, 0xA4, 0xB2, 0xD2,
    0xB4, 0x7B, 0x7D, 0x1A, 0x58, 0xE7, 0xBE, 0x97, 0x82, 0xF8, 0x63, 0x29, 0x08, 0x88, 0x99, 0x66,
    0x72, 0x08, 0x1F, 0x2A, 0xF5, 0x65, 0xAF, 0x8C, 0xBE, 0x94, 0x00, 0x51, 0x45, 0x14, 0x00, 0x51,
    0x45, 0x7D, 0x73, 0xFB, 0x1F, 0x7F, 0xC1, 0x39, 0xBE, 0x22, 0xFE, 0xD6, 0x5E, 0x11, 0xD5, 0x3C,
    0x7B, 0x0F, 0x8A, 0xAD, 0x3C, 0x23, 0xA0, 0x5A, 0x5D, 0x0B, 0x2B, 0x1B, 0xAB, 0xDB, 0x19, 0x2E,
    0x0E, 0xA1, 0x32, 0x82, 0x65, 0xF2, 0xD5, 0x59, 0x70, 0x91, 0xFC, 0xA0, 0xBE, 0x48, 0x2C, 0x4A,
    0x8E, 0x55, 0xB0, 0x01, 0xF2, 0x35, 0x15, 0xFA, 0x73, 0xFF, 0x00, 0x0E, 0x3F, 0xF1, 0x9F, 0xFD,
    0x1C, 0x06, 0x89, 0xFF, 0x00, 0x84, 0xFC, 0xDF, 0xFC, 0x7A, 0xBE, 0x62, 0xFD, 0xB2, 0x7F, 0x63,
    0x0B, 0x1F, 0xD8, 0xFC, 0xE8, 0x5A, 0x56, 0xAD, 0xF1, 0x8F, 0x4D, 0xF1, 0x37, 0x88, 0x75, 0xDD,
    0xF7, 0x09, 0xA4, 0xD9, 0xE9, 0x72, 0x40, 0xF6, 0xF6, 0x6B, 0x95, 0xFB, 0x44, 0x8E, 0xD2, 0x36,
    0x03, 0x38, 0xDA, 0xA3, 0x1F, 0x36, 0x1C, 0xE7, 0xE5, 0x34, 0x01, 0xF3, 0x1D, 0x14, 0x51, 0x40,
    0x05, 0x14, 0x51, 0x40, 0x05, 0x14, 0x51, 0x40, 0x05, 0x14, 0x51, 0x40, 0x05, 0x14, 0x51, 0x40,
    0x05, 0x14, 0x51, 0x40, 0x05, 0x14, 0x51, 0x40, 0x05, 0x14, 0x51, 0x40, 0x05, 0x14, 0x51, 0x40,
    0x05, 0x14, 0x51, 0x40, 0x05, 0x14, 0x51, 0x40, 0x05, 0x14, 0x51, 0x40, 0x05, 0x14, 0x51, 0x40,
    0x05, 0x14, 0x51, 0x40, 0x05, 0x14, 0x51, 0x40, 0x05, 0x14, 0x51, 0x40, 0x05, 0x14, 0x51, 0x40,
    0x05, 0x14, 0x51, 0x40, 0x05, 0x14, 0x51, 0x40, 0x05, 0x14, 0x51, 0x40, 0x05, 0x14, 0x51, 0x40,
    0x05, 0x14, 0xB8, 0xA4, 0xA0, 0x02, 0x8A, 0x39, 0xA2, 0x80, 0x0A, 0x28, 0xA2, 0x80, 0x0A, 0x28,
    0xA2, 0x80, 0x0A, 0x51, 0x49, 0x4A, 0x3D, 0x85, 0x00, 0x27, 0x7A, 0x28, 0x34, 0x50, 0x01, 0x45,
    0x14, 0x50, 0x01, 0x45, 0x14, 0x50, 0x01, 0x45, 0x14, 0x50, 0x01, 0x45, 0x14, 0x50, 0x01, 0x45,
    0x14, 0x50, 0x01, 0x45, 0x14, 0x50, 0x01, 0x45, 0x14, 0x50, 0x01, 0x45, 0x14, 0x50, 0x01, 0x45,
    0x14, 0x50, 0x01, 0x45, 0x14, 0x50, 0x01, 0x45, 0x14, 0x50, 0x01, 0x45, 0x14, 0x50, 0x01, 0x45,
    0x14, 0x50, 0x01, 0x45, 0x14, 0x50, 0x01, 0x45, 0x14, 0x50, 0x01, 0x45, 0x14, 0x50, 0x01, 0x45,
    0x14, 0x7E, 0x34, 0x00, 0x57, 0x47, 0xF0, 0xEB, 0xE1, 0xFF, 0x00, 0x8A, 0x7E, 0x2A, 0xF8, 0xE3,
    0x44, 0xF8, 0x77, 0xE0, 0x9D, 0x31, 0xF5, 0x0D, 0x73, 0x5F, 0xBC, 0x4B, 0x2B, 0x28, 0x17, 0x80,
    0x5D, 0xBF, 0x89, 0x8F, 0xF0, 0xA2, 0x80, 0x59, 0x98, 0xF0, 0xAA, 0xAC, 0x4F, 0x02, 0xB9, 0xC0,
    0x32, 0x71, 0x5F, 0xB3, 0x1F, 0xF0, 0x49, 0xDF, 0xD8, 0xEC, 0x7C, 0x34, 0xF0, 0x5A, 0xFE, 0xD1,
    0x1E, 0x3E, 0xD2, 0xCA, 0x78, 0xA3, 0xC5, 0x96, 0xBB, 0x74, 0x3B, 0x79, 0xD3, 0xE6, 0xD3, 0xF4,
    0xA7, 0xC1, 0x12, 0xE0, 0xFD, 0xD9, 0x2E, 0x38, 0x6C, 0xF5, 0x11, 0x05, 0x1C, 0x6F, 0x61, 0x40,
    0x1F, 0x5C, 0xFE, 0xCC, 0x5F, 0xB3, 0xE7, 0x85, 0x7F, 0x66, 0x5F, 0x83, 0xDA, 0x2F, 0xC2, 0xDF,
    0x0C, 0x04, 0x99, 0xED, 0x53, 0xED, 0x1A, 0x9D, 0xFE, 0xCD, 0xAF, 0xA8, 0x5F, 0xB8, 0x1E, 0x75,
    0xC3, 0x77, 0xC1, 0x20, 0x2A, 0x83, 0x9D, 0xA8, 0xA8, 0xBD, 0xAB, 0xD1, 0xBC, 0x43, 0xAF, 0xE8,
    0xDE, 0x14, 0xD0, 0xB5, 0x0F, 0x13, 0x78, 0x8B, 0x52, 0x83, 0x4F, 0xD2, 0xF4, 0xAB, 0x69, 0x6F,
    0x2F, 0x6E, 0xE7, 0x6D, 0xB1, 0xC1, 0x04, 0x6A, 0x59, 0xE4, 0x63, 0xD8, 0x05, 0x04, 0x9F, 0xA5,
    0x68, 0x1C, 0x77, 0xAF, 0xCA, 0x2F, 0xF8, 0x2B, 0xA7, 0xED, 0x89, 0xF6, 0xAB, 0x83, 0xFB, 0x2C,
    0x7C, 0x3E, 0xD5, 0x3F, 0x73, 0x03, 0x47, 0x73, 0xE3, 0x0B, 0xA8, 0x1F, 0x87, 0x90, 0x61, 0xE1,
    0xB0, 0xC8, 0xEC, 0xBF, 0x2C, 0x92, 0x0F, 0x5F, 0x2D, 0x7F, 0x85, 0xC5, 0x00, 0x7C, 0x69, 0xFB,
    0x6B, 0xFE, 0xD4, 0x9A, 0xCF, 0xED, 0x57, 0xF1, 0xA2, 0xFF, 0x00, 0xC6, 0x2C, 0xF3, 0xC1, 0xE1,
    0x9D, 0x33, 0x76, 0x9F, 0xE1, 0xBB, 0x09, 0x0E, 0x3E, 0xCF, 0x64, 0xAD, 0xFE, 0xB1, 0x97, 0xA0,
    0x96, 0x53, 0xFB, 0xC7, 0xF4, 0xCA, 0xAE, 0x48, 0x41, 0x5E, 0x01, 0x47, 0x5A, 0x05, 0x00, 0x14,
    0x51, 0xDA, 0xA5, 0xB4, 0xB5, 0xB9, 0xBE, 0xB9, 0x8A, 0xCE, 0xCE, 0xDE, 0x59, 0xE7, 0x9D, 0xD6,
    0x28, 0xA2, 0x89, 0x0B, 0x3C, 0x8E, 0xC7, 0x01, 0x55, 0x47, 0x24, 0x92, 0x40, 0x00, 0x75, 0x26,
    0x80, 0x3D, 0x53, 0xF6, 0x5E, 0xFD, 0x9E, 0xBC, 0x53, 0xFB, 0x4D, 0xFC, 0x61, 0xD1, 0xBE, 0x17,
    0xF8, 0x68, 0x3C, 0x10, 0xDC, 0xB7, 0xDA, 0x75, 0x5B, 0xF0, 0x9B, 0x97, 0x4F, 0xB0, 0x42, 0x3C,
    0xE9, 0xDB, 0xB6, 0x40, 0x21, 0x54, 0x1F, 0xBC, 0xEE, 0x8B, 0xDF, 0x35, 0xFD, 0x16, 0xFC, 0x3C,
    0xF0, 0x0F, 0x85, 0xBE, 0x16, 0xF8, 0x23, 0x45, 0xF8, 0x7B, 0xE0, 0xAD, 0x31, 0x34, 0xFD, 0x13,
    0x40, 0xB3, 0x8E, 0xCA, 0xCA, 0xDD, 0x7F, 0x86, 0x35, 0x1D, 0x58, 0xFF, 0x00, 0x13, 0xB1, 0xCB,
    0x33, 0x1E, 0x59, 0x99, 0x89, 0xE4, 0xD7, 0xCE, 0xDF, 0xF0, 0x4F, 0x5F, 0xD9, 0x16, 0xD7, 0xF6,
    0x5B, 0xF8, 0x3F, 0x14, 0xBE, 0x22, 0xB3, 0x88, 0xF8, 0xF3, 0xC5, 0x6B, 0x15, 0xF6, 0xBF, 0x36,
    0x01, 0x6B, 0x61, 0x82, 0x62, 0xB2, 0x53, 0xFD, 0xD8, 0x83, 0x1D, 0xD8, 0xEB, 0x23, 0x39, 0xC9,
    0x01, 0x71, 0xF5, 0x51, 0x20, 0x0C, 0x9A, 0x4C, 0x0E, 0x1B, 0xE3, 0x77, 0xC6, 0x2F, 0x07, 0xFC,
    0x05, 0xF8, 0x61, 0xAE, 0xFC, 0x53, 0xF1, 0xC5, 0xDF, 0x95, 0xA6, 0x68, 0x96, 0xC6, 0x5F, 0x2D,
    0x48, 0x12, 0xDD, 0x4C, 0x7E, 0x58, 0xAD, 0xE2, 0x07, 0xAC, 0x92, 0x39, 0x55, 0x1E, 0x99, 0xC9,
    0xC0, 0x04, 0xD7, 0xF3, 0x99, 0xF1, 0xC3, 0xE3, 0x27, 0x8C, 0x3E, 0x3E, 0x7C, 0x50, 0xD7, 0xBE,
    0x2A, 0x78, 0xDE, 0xEB, 0xCC, 0xD4, 0xB5, 0xBB, 0x93, 0x20, 0x85, 0x58, 0x98, 0xAD, 0x20, 0x1F,
    0x2C, 0x56, 0xF1, 0x03, 0xD1, 0x23, 0x40, 0x14, 0x7A, 0xE0, 0x93, 0x92, 0x49, 0xAF, 0xA8, 0x3F,
    0xE0, 0xA7, 0x7F, 0xB6, 0x29, 0xFD, 0xA0, 0xBE, 0x27, 0xFF, 0x00, 0xC2, 0xB5, 0xF0, 0x3E, 0xA8,
    0x65, 0xF0, 0x0F, 0x82, 0x6E, 0x5E, 0x28, 0x64, 0x89, 0xF3, 0x1E, 0xA9, 0xA8, 0x8C, 0xA4, 0xB7,
    0x5C, 0x70, 0xC8, 0xBF, 0x34, 0x71, 0x1E, 0x78, 0xDE, 0xE0, 0xFE, 0xF3, 0x8F, 0x89, 0x29, 0x80,
    0x51, 0x47, 0xE3, 0x45, 0x00, 0x14, 0x51, 0x45, 0x00, 0x14, 0x51, 0x45, 0x00, 0x14, 0x51, 0x45,
    0x00, 0x14, 0x51, 0x45, 0x00, 0x14, 0x51, 0x45, 0x00, 0x14, 0x51, 0x45, 0x00, 0x14, 0x51, 0x45,
    0x00, 0x14, 0x51, 0x45, 0x00, 0x14, 0x51, 0x45, 0x00, 0x14, 0x51, 0x45, 0x00, 0x14, 0x51, 0x45,
    0x00, 0x14, 0x51, 0x45, 0x00, 0x14, 0x51, 0x45, 0x00, 0x14, 0x51, 0x45, 0x00, 0x14, 0x51, 0x45,
    0x00, 0x14, 0x51, 0x45, 0x00, 0x14, 0x51, 0x45, 0x00, 0x14, 0x51, 0x45, 0x00, 0x14, 0x51, 0x45,
    0x00, 0x14, 0x51, 0x45, 0x00, 0x1C, 0x51, 0x45, 0x03, 0x34, 0x00, 0x51, 0x40, 0xA2, 0x80, 0x0A,
    0x28, 0xA2, 0x80, 0x0A, 0x28, 0xA2, 0x80, 0x0A, 0x51, 0x49, 0x4A, 0x28, 0x01, 0x0F, 0x5A, 0x28,
    0x34, 0x50, 0x01, 0x45, 0x14, 0x7E, 0x34, 0x00, 0x51, 0x45, 0x1F, 0x8D, 0x00, 0x14, 0x51, 0x45,
    0x00, 0x14, 0x51, 0x45, 0x00, 0x14, 0x51, 0x45, 0x00, 0x14, 0x51, 0x45, 0x00, 0x14, 0x51, 0x5F,
    0x4F, 0x7F, 0xC1, 0x3A, 0xFE, 0x08, 0x7C, 0x38, 0xFD, 0xA0, 0xBF, 0x68, 0xA8, 0xBE, 0x1F, 0x7C,
    0x53, 0xD1, 0xA6, 0xD5, 0x34, 0x47, 0xD1, 0x2F, 0xAF, 0x0C, 0x11, 0x5E, 0x4B, 0x6C, 0xDE, 0x6C,
    0x42, 0x3D, 0x8D, 0xBE, 0x22, 0x1B, 0x8D, 0xC7, 0x8C, 0xE2, 0x80, 0x3E, 0x61, 0xC5, 0x18, 0xF6,
    0xAF, 0xDE, 0x9F, 0xF8, 0x75, 0x1F, 0xEC, 0x4D, 0xFF, 0x00, 0x44, 0xD7, 0x53, 0xFF, 0x00, 0xC2,
    0x92, 0xFF, 0x00, 0xFF, 0x00, 0x8E, 0xD1, 0xFF, 0x00, 0x0E, 0xA3, 0xFD, 0x89, 0xBF, 0xE8, 0x9A,
    0xEA, 0x7F, 0xF8, 0x51, 0xDF, 0xFF, 0x00, 0xF1, 0xDA, 0x00, 0xFC, 0x16, 0xC1, 0xF4, 0xA2, 0xBF,
    0x7A, 0x7F, 0xE1, 0xD4, 0x7F, 0xB1, 0x37, 0xFD, 0x13, 0x5D, 0x4F, 0xFF, 0x00, 0x0A, 0x3B, 0xFF,
    0x00, 0xFE, 0x3B, 0x59, 0xDA, 0xD7, 0xFC, 0x12, 0x43, 0xF6, 0x35, 0xD5, 0x2D, 0x1A, 0xDE, 0xC3,
    0xC3, 0x5E, 0x24, 0xD1, 0xE4, 0x61, 0x81, 0x3D, 0x97, 0x88, 0x27, 0x77, 0x5F, 0x70, 0x27, 0xF3,
    0x17, 0xF3, 0x14, 0x01, 0xF8, 0x4F, 0x45, 0x7E, 0x96, 0x7C, 0x78, 0xFF, 0x00, 0x82, 0x30, 0xF8,
    0xD3, 0xC3, 0x7A, 0x75, 0xD6, 0xBF, 0xF0, 0x13, 0xC7, 0xAB, 0xE2, 0x94, 0x81, 0x0C, 0x83, 0x44,
    0xD6, 0x22, 0x4B, 0x5B, 0xD7, 0x03, 0xF8, 0x62, 0x9D, 0x4F, 0x93, 0x23, 0x1E, 0x38, 0x65, 0x8C,
    0x7B, 0xD7, 0xE7, 0x1F, 0x88, 0x7C, 0x3D, 0xAE, 0xF8, 0x4F, 0x5B, 0xBD, 0xF0, 0xDF, 0x89, 0xB4,
    0x8B, 0xCD, 0x2B, 0x55, 0xD3, 0x66, 0x6B, 0x6B, 0xCB, 0x3B, 0xB8, 0x5A, 0x29, 0xA0, 0x95, 0x4E,
    0x19, 0x1D, 0x18, 0x02, 0xA4, 0x7A, 0x1A, 0x00, 0xCF, 0xFC, 0x28, 0xA2, 0x8A, 0x00, 0x28, 0xA5,
    0x50, 0x59, 0x82, 0x80, 0x49, 0x3D, 0x85, 0x7E, 0xD4, 0x7E, 0xCF, 0xFF, 0x00, 0xF0, 0x4A, 0x3F,
    0xD9, 0xCE, 0x4F, 0x83, 0x3E, 0x12, 0xBA, 0xF8, 0xCB, 0xE0, 0x9D, 0x47, 0x50, 0xF1, 0xA5, 0xE6,
    0x9B, 0x1D, 0xE6, 0xB1, 0x22, 0xEB, 0x37, 0x76, 0xE2, 0x39, 0xE6, 0xFD, 0xE7, 0x93, 0xE5, 0xC6,
    0xEA, 0xA3, 0xCB, 0x56, 0x58, 0xCE, 0x07, 0x25, 0x09, 0xEF, 0x40, 0x1F, 0x8A, 0xD8, 0xF6, 0xA2,
    0xBF, 0x7A, 0x7F, 0xE1, 0xD4, 0x5F, 0xB1, 0x37, 0xFD, 0x13, 0x4D, 0x4F, 0xFF, 0x00, 0x0A, 0x3B,
    0xFF, 0x00, 0xFE, 0x3B, 0x5F, 0x93, 0x1F, 0xB7, 0x57, 0xEC, 0xEB, 0x6F, 0xFB, 0x33, 0x7E, 0xD1,
    0x1A, 0xEF, 0x80, 0xB4, 0x4B, 0x59, 0xA1, 0xF0, 0xD5, 0xE4, 0x71, 0x6A, 0xFE, 0x1F, 0x32, 0xC8,
    0xD2, 0x1F, 0xB0, 0xCC, 0x0E, 0x13, 0x7B, 0x64, 0xB1, 0x8E, 0x45, 0x96, 0x3C, 0x92, 0x49, 0xD8,
    0x09, 0xEB, 0x40, 0x1F, 0x3E, 0xD1, 0x4B, 0xDE, 0x90, 0xD0, 0x01, 0x46, 0x28, 0xE3, 0x3C, 0xF4,
    0xAF, 0xD5, 0xFF, 0x00, 0xD8, 0x73, 0xF6, 0x52, 0xFD, 0x84, 0x7F, 0x6B, 0x0F, 0x83, 0x76, 0xDE,
    0x25, 0xB8, 0xF8, 0x6F, 0x79, 0x6F, 0xE2, 0xED, 0x10, 0xA6, 0x9F, 0xE2, 0x5B, 0x18, 0xFC, 0x47,
    0x7C, 0xA1, 0x2E, 0xB6, 0xFC, 0xB7, 0x08, 0xBE, 0x6F, 0x11, 0x4C, 0x01, 0x75, 0xEC, 0x08, 0x74,
    0xE7, 0x66, 0x68, 0x03, 0xF2, 0x83, 0x06, 0x8A, 0xFD, 0xE9, 0xFF, 0x00, 0x87, 0x51, 0x7E, 0xC4,
    0xDF, 0xF4, 0x4D, 0xB5, 0x4F, 0xFC, 0x28, 0xEF, 0xFF, 0x00, 0xF8, 0xED, 0x7E, 0x5D, 0x7F, 0xC1,
    0x40, 0x7F, 0x64, 0x09, 0xFF, 0x00, 0x65, 0x2F, 0x8B, 0x5E, 0x4F, 0x87, 0x6D, 0xEE, 0x64, 0xF0,
    0x1F, 0x89, 0x83, 0xDD, 0xF8, 0x7E, 0xE6, 0x56, 0x32, 0x18, 0x76, 0xE3, 0xCE, 0xB3, 0x77, 0x3C,
    0x97, 0x88, 0x90, 0x41, 0x3C, 0xB4, 0x6E, 0x84, 0x92, 0x77, 0x60, 0x03, 0xE5, 0xBA, 0x28, 0xAE,
    0xA3, 0xE1, 0x8F, 0xC3, 0x7F, 0x16, 0x7C, 0x5D, 0xF1, 0xF6, 0x87, 0xF0, 0xDB, 0xC0, 0xFA, 0x6B,
    0x5F, 0x6B, 0x7E, 0x20, 0xBC, 0x4B, 0x3B, 0x48, 0x7A, 0x28, 0x63, 0xCB, 0x3B, 0x9F, 0xE1, 0x44,
    0x50, 0xCE, 0xCD, 0xD9, 0x55, 0x8F, 0x6A, 0x00, 0xFA, 0x4F, 0xFE, 0x09, 0xC3, 0xFB, 0x21, 0xC9,
    0xFB, 0x4C, 0xFC, 0x5E, 0x4D, 0x73, 0xC5, 0x7A, 0x73, 0x3F, 0x80, 0x7C, 0x1B, 0x24, 0x57, 0x9A,
    0xC1, 0x75, 0xF9, 0x2F, 0xE7, 0xCE, 0x61, 0xB1, 0x07, 0xBE, 0xF2, 0x37, 0x49, 0x8E, 0x91, 0xA9,
    0x1C, 0x17, 0x5A, 0xFD, 0xE9, 0x8A, 0x34, 0x82, 0x25, 0x86, 0x14, 0x54, 0x44, 0x01, 0x55, 0x54,
    0x60, 0x00, 0x07, 0x00, 0x0E, 0xC2, 0xBC, 0xCF, 0xF6, 0x6D, 0xF8, 0x09, 0xE1, 0x2F, 0xD9, 0xAF,
    0xE1, 0x0E, 0x89, 0xF0, 0xB3, 0xC2, 0x68, 0x24, 0x4B, 0x08, 0xFC, 0xEB, 0xFB, 0xD2, 0x81, 0x64,
    0xD4, 0x2F, 0x9C, 0x03, 0x35, 0xC3, 0xFB, 0xB3, 0x0C, 0x01, 0xCE, 0xD4, 0x54, 0x5E, 0x8B, 0x5D,
    0xB7, 0x8C, 0x7C, 0x5F, 0xE1, 0xDF, 0x00, 0x78, 0x57, 0x56, 0xF1, 0xAF, 0x8B, 0xB5, 0x58, 0x74,
    0xDD, 0x1B, 0x44, 0xB4, 0x96, 0xFA, 0xFA, 0xEE, 0x63, 0x85, 0x8A, 0x18, 0xD7, 0x73, 0x37, 0xA9,
    0x38, 0x1C, 0x01, 0xC9, 0x24, 0x01, 0x92, 0x45, 0x20, 0x3C, 0x2B, 0xF6, 0xEB, 0xFD, 0xAB, 0xF4,
    0xCF, 0xD9, 0x4F, 0xE0, 0xCD, 0xD6, 0xBF, 0x67, 0x34, 0x12, 0xF8, 0xC7, 0x5E, 0x12, 0x69, 0xFE,
    0x19, 0xB2, 0x93, 0x0D, 0xBA, 0xE7, 0x6F, 0xCD, 0x70, 0xEB, 0xDE, 0x28, 0x41, 0x0E, 0xDD, 0x8B,
    0x18, 0xD3, 0x8D, 0xF9, 0xAF, 0xE7, 0xCB, 0x58, 0xD5, 0xF5, 0x3F, 0x10, 0x6A, 0xB7, 0xBA, 0xE6,
    0xB5, 0x7F, 0x3D, 0xEE, 0xA1, 0xA8, 0x5C, 0x49, 0x75, 0x75, 0x73, 0x3B, 0x97, 0x92, 0x79, 0xA4,
    0x62, 0xCF, 0x23, 0xB1, 0xE4, 0xB3, 0x31, 0x24, 0x9F, 0x53, 0x5E, 0xC3, 0xFB, 0x5D, 0x7E, 0xD2,
    0xDE, 0x24, 0xFD, 0xAA, 0xBE, 0x33, 0xEA, 0x7F, 0x10, 0x75, 0x31, 0x3D, 0xB6, 0x95, 0x19, 0xFB,
    0x0E, 0x81, 0xA6, 0x33, 0x64, 0x58, 0xD8, 0x2B, 0x1D, 0x8A, 0x40, 0xE3, 0xCC, 0x72, 0x4B, 0xB9,
    0x1D, 0x5D, 0x88, 0x1C, 0x05, 0x03, 0xF4, 0x53, 0xF6, 0x4D, 0xFF, 0x00, 0x82, 0x50, 0x7C, 0x25,
    0xBE, 0xF8, 0x2B, 0xA5, 0xEB, 0xFF, 0x00, 0xB4, 0x77, 0x86, 0x75, 0x3B, 0xBF, 0x19, 0x6B, 0xCA,
    0x6F, 0xDA, 0xD6, 0x2D, 0x4E, 0x7B, 0x4F, 0xEC, 0xAB, 0x77, 0x51, 0xE4, 0xC0, 0x56, 0x36, 0x00,
    0xCA, 0x17, 0xE7, 0x7D, 0xC0, 0xE1, 0x9B, 0x66, 0x3E, 0x53, 0x96, 0x07, 0xE3, 0xF5, 0x1F, 0x4A,
    0xF5, 0xCF, 0xDA, 0x9B, 0xF6, 0x77, 0xF1, 0x3F, 0xEC, 0xC3, 0xF1, 0x8F, 0x59, 0xF8, 0x5F, 0xE2,
    0x0F, 0x36, 0x7B, 0x68, 0x1B, 0xED, 0x5A, 0x46, 0xA0, 0xC9, 0xB5, 0x75, 0x0D, 0x3D, 0xC9, 0xF2,
    0x66, 0x1D, 0xB3, 0xC1, 0x57, 0x03, 0xEE, 0xBA, 0x38, 0xEC, 0x09, 0xF2, 0x3A, 0x00, 0x2B, 0xF4,
    0x93, 0xFE, 0x09, 0x23, 0xFB, 0x1F, 0x7F, 0xC2, 0x6B, 0xE2, 0x71, 0xFB, 0x4C, 0xF8, 0xFB, 0x4B,
    0xDD, 0xA1, 0xF8, 0x72, 0xE5, 0xA1, 0xF0, 0xC4, 0x13, 0x27, 0xCB, 0x77, 0xA9, 0x27, 0x0F, 0x75,
    0x83, 0xD5, 0x20, 0xE8, 0xA7, 0xA1, 0x94, 0xE4, 0x1C, 0xC4, 0x6B, 0xE3, 0xBF, 0xD9, 0x53, 0xF6,
    0x73, 0xF1, 0x37, 0xED, 0x41, 0xF1, 0x93, 0x47, 0xF8, 0x65, 0xA0, 0xF9, 0xB6, 0xF6, 0x72, 0xB7,
    0xDA, 0xF5, 0x9D, 0x45, 0x57, 0x70, 0xD3, 0xF4, 0xF4, 0x23, 0xCD, 0x98, 0xF6, 0xDD, 0xC8, 0x44,
    0x07, 0xAB, 0xBA, 0x0E, 0x99, 0x23, 0xFA, 0x2A, 0xF0, 0x27, 0x82, 0x3C, 0x33, 0xF0, 0xDB, 0xC1,
    0xDA, 0x3F, 0x80, 0xFC, 0x1B, 0xA5, 0xC5, 0xA7, 0x68, 0xBA, 0x15, 0x9C, 0x76, 0x36, 0x56, 0xD1,
    0xF4, 0x8E, 0x24, 0x18, 0x19, 0x3F, 0xC4, 0xC7, 0x92, 0xCC, 0x79, 0x66, 0x24, 0x9E, 0x49, 0xA0,
    0x0D, 0xDC, 0x63, 0x81, 0x5F, 0x06, 0x7F, 0xC1, 0x53, 0xFF, 0x00, 0x6C, 0x51, 0xF0, 0x5B, 0xE1,
    0xD9, 0xF8, 0x2D, 0xE0, 0x3D, 0x57, 0xCB, 0xF1, 0xAF, 0x8D, 0x6D, 0x59, 0x6E, 0xE6, 0x81, 0xF1,
    0x26, 0x97, 0xA5, 0x36, 0x55, 0xE4, 0xC8, 0xE5, 0x64, 0x9B, 0x0D, 0x1A, 0x77, 0x0A, 0x24, 0x6E,
    0x08, 0x52, 0x7E, 0xA9, 0xFD, 0xA2, 0x7E, 0x3B, 0x78, 0x47, 0xF6, 0x71, 0xF8, 0x4B, 0xAE, 0x7C,
    0x55, 0xF1, 0x8C, 0x81, 0xAD, 0xF4, 0xC8, 0xB6, 0x5A, 0x59, 0xAB, 0x85, 0x92, 0xFE, 0xF1, 0xF2,
    0x21, 0xB6, 0x8F, 0xFD, 0xA7, 0x6E, 0xA7, 0x07, 0x6A, 0x86, 0x63, 0xC2, 0x9A, 0xFC, 0x29, 0xF8,
    0x4F, 0xA8, 0xCD, 0xFB, 0x5D, 0xFE, 0xDA, 0x3E, 0x1C, 0xBB, 0xF8, 0xDE, 0xF2, 0x6B, 0x0B, 0xE3,
    0xDF, 0x12, 0xC6, 0x9A, 0xB4, 0x51, 0xCE, 0xF0, 0x8F, 0x25, 0x81, 0x0B, 0x0C, 0x6C, 0xA7, 0x74,
    0x71, 0xA2, 0xAA, 0x22, 0x80, 0x72, 0x15, 0x40, 0xCD, 0x24, 0x07, 0xCF, 0x07, 0x24, 0xE6, 0x8C,
    0x57, 0xEF, 0x42, 0xFF, 0x00, 0xC1, 0x28, 0xFF, 0x00, 0x62, 0x72, 0x01, 0xFF, 0x00, 0x85, 0x6B,
    0xAA, 0x74, 0xFF, 0x00, 0xA1, 0x8E, 0xFF, 0x00, 0xFF, 0x00, 0x8E, 0xD2, 0xFF, 0x00, 0xC3, 0xA8,
    0xBF, 0x62, 0x6F, 0xFA, 0x26, 0xBA, 0xA7, 0xFE, 0x14, 0x77, 0xFF, 0x00, 0xFC, 0x76, 0x98, 0x1F,
    0x82, 0xD8, 0xF6, 0xA3, 0x9F, 0x4A, 0xFD, 0xE8, 0xFF, 0x00, 0x87, 0x51, 0x7E, 0xC4, 0xDF, 0xF4,
    0x4D, 0xB5, 0x4F, 0xFC, 0x28, 0xEF, 0xFF, 0x00, 0xF8, 0xED, 0x2F, 0xFC, 0x3A, 0x8B, 0xF6, 0x27,
    0xFF, 0x00, 0xA2, 0x6D, 0xAA, 0x7F, 0xE1, 0x47, 0x7F, 0xFF, 0x00, 0xC7, 0x68, 0x03, 0xF0, 0x5B,
    0x06, 0x8E, 0x7D, 0x2B, 0xF7, 0xA7, 0xFE, 0x1D, 0x45, 0xFB, 0x13, 0x7F, 0xD1, 0x36, 0xD5, 0x3F,
    0xF0, 0xA3, 0xBF, 0xFF, 0x00, 0xE3, 0xB4, 0x87, 0xFE, 0x09, 0x47, 0xFB, 0x13, 0x05, 0xCF, 0xFC,
    0x2B, 0x5D, 0x4F, 0xD7, 0xFE, 0x46, 0x3B, 0xFF, 0x00, 0xFE, 0x3B, 0x40, 0x1F, 0x82, 0xF4, 0x57,
    0xB4, 0xFE, 0xD9, 0x7F, 0x0D, 0x7C, 0x21, 0xF0, 0x7F, 0xF6, 0x9A, 0xF1, 0xE7, 0xC3, 0x7F, 0x01,
    0x69, 0xD2, 0x58, 0xE8, 0x1A, 0x1D, 0xF4, 0x50, 0x59, 0x5B, 0xC9, 0x70, 0xF3, 0xB4, 0x68, 0xD6,
    0xD1, 0x39, 0x05, 0xDC, 0x96, 0x6F, 0x99, 0xD8, 0xF2, 0x7B, 0xD7, 0x8B, 0x75, 0xA0, 0x02, 0x80,
    0x09, 0x3C, 0x0A, 0xFA, 0xEB, 0xF6, 0x4F, 0xFF, 0x00, 0x82, 0x6C, 0x7C, 0x6B, 0xFD, 0xA5, 0xED,
    0x6D, 0x7C, 0x5F, 0xA9, 0x14, 0xF0, 0x57, 0x82, 0x2E, 0x70, 0xF1, 0x6B, 0x1A, 0x8C, 0x0C, 0xF3,
    0x5E, 0xA6, 0x79, 0x36, 0xB6, 0xF9, 0x53, 0x20, 0xFF, 0x00, 0x6D, 0x8A, 0x21, 0xEC, 0x5B, 0x18,
    0xAF, 0xD2, 0x4F, 0x86, 0x3F, 0xF0, 0x49, 0xFF, 0x00, 0xD9, 0x17, 0xC0, 0x56, 0xD0, 0xB7, 0x88,
    0x7C, 0x31, 0xA9, 0xF8, 0xDB, 0x50, 0x8D, 0x7E, 0x7B, 0x9D, 0x73, 0x50, 0x90, 0x46, 0x5B, 0xBE,
    0x20, 0x80, 0xC7, 0x18, 0x1E, 0xCC, 0x1B, 0xEA, 0x68, 0x03, 0xF0, 0x8B, 0x07, 0x34, 0x15, 0x23,
    0xB5, 0x7F, 0x47, 0xF0, 0x7E, 0xC5, 0xFF, 0x00, 0xB2, 0x65, 0xBD, 0xB8, 0xB5, 0x8F, 0xF6, 0x73,
    0xF8, 0x78, 0x50, 0x0C, 0x65, 0xF4, 0x0B, 0x77, 0x6F, 0xFB, 0xE9, 0x94, 0x93, 0xF9, 0xD7, 0x01,
    0xE3, 0xEF, 0xF8, 0x26, 0x57, 0xEC, 0x6B, 0xE3, 0xDB, 0x77, 0x5F, 0xF8, 0x55, 0x11, 0xF8, 0x76,
    0xE9, 0xC1, 0x0B, 0x77, 0xE1, 0xFB, 0xC9, 0xAC, 0x9D, 0x3E, 0x91, 0xEE, 0x68, 0x4F, 0xE3, 0x19,
    0xA0, 0x0F, 0xE7, 0xFA, 0x8A, 0xFD, 0x0D, 0xFD, 0xA5, 0xBF, 0xE0, 0x8F, 0xFF, 0x00, 0x13, 0x7E,
    0x1C, 0xD8, 0xDC, 0xF8, 0xAB, 0xE0, 0x46, 0xB9, 0x2F, 0x8F, 0x74, 0x9B, 0x70, 0x64, 0x93, 0x48,
    0x9E, 0x15, 0x87, 0x57, 0x89, 0x07, 0xFC, 0xF3, 0x0B, 0xFB, 0xBB, 0x9C, 0x01, 0x9C, 0x2E, 0xC7,
    0x3D, 0x02, 0x35, 0x7E, 0x7B, 0xDD, 0x5A, 0x5D, 0x58, 0xDD, 0x4B, 0x65, 0x7B, 0x6F, 0x2D, 0xBD,
    0xC5, 0xBC, 0x8D, 0x14, 0xB1, 0x4A, 0x85, 0x1E, 0x37, 0x53, 0x86, 0x56, 0x53, 0xC8, 0x20, 0x8C,
    0x10, 0x79, 0x14, 0x01, 0x15, 0x1F, 0x85, 0x15, 0xEF, 0xFF, 0x00, 0xB0, 0x87, 0xC2, 0x5F, 0x03,
    0x7C, 0x71, 0xFD, 0xA8, 0xBC, 0x23, 0xF0, 0xCF, 0xE2, 0x3E, 0x97, 0x2E, 0xA3, 0xE1, 0xFD, 0x59,
    0x35, 0x03, 0x75, 0x6F, 0x15, 0xD4, 0x96, 0xEC, 0xE6, 0x2B, 0x29, 0xA5, 0x4C, 0x49, 0x19, 0x0C,
    0x30, 0xE8, 0xA7, 0x83, 0xCE, 0x31, 0x40, 0x1E, 0x01, 0x83, 0x45, 0x7E, 0xF4, 0xFF, 0x00, 0xC3,
    0xA8, 0xFF, 0x00, 0x62, 0x7F, 0xFA, 0x26, 0xDA, 0xA7, 0xFE, 0x14, 0x77, 0xFF, 0x00, 0xFC, 0x76,
    0xBF, 0x3F, 0xBF, 0xE0, 0xA8, 0xDF, 0xB2, 0xD7, 0xC1, 0x7F, 0xD9, 0x93, 0x57, 0xF8, 0x77, 0x67,
    0xF0, 0x7B, 0xC3, 0x77, 0x5A, 0x4C, 0x7E, 0x20, 0xB6, 0xD5, 0x24, 0xBF, 0x13, 0xEA, 0x33, 0xDD,
    0xF9, 0xAD, 0x0B, 0xDB, 0x88, 0xF1, 0xE6, 0xB3, 0x6D, 0xC0, 0x91, 0xFA, 0x75, 0xCF, 0x3D, 0x28,
    0x03, 0xE1, 0x7A, 0x28, 0xA2, 0x80, 0x0A, 0x30, 0x7D, 0x2B, 0xE9, 0x2F, 0xF8, 0x27, 0xCF, 0xC1,
    0x7F, 0x87, 0xBF, 0x1F, 0x3F, 0x69, 0x3D, 0x27, 0xE1, 0xCF, 0xC4, 0xED, 0x22, 0x6D, 0x4B, 0x42,
    0xBB, 0xD3, 0x75, 0x0B, 0x89, 0x6D, 0xE2, 0xBB, 0x92, 0xD9, 0x8C, 0x91, 0x42, 0x59, 0x0E, 0xF8,
    0xC8, 0x61, 0x83, 0xDB, 0x3C, 0xD7, 0xEA, 0xBF, 0xFC, 0x3A, 0x8B, 0xF6, 0x26, 0xFF, 0x00, 0xA2,
    0x6B, 0xA9, 0xFF, 0x00, 0xE1, 0x47, 0x7F, 0xFF, 0x00, 0xC7, 0x68, 0x03, 0xF0, 0x5A, 0x8A, 0xFB,
    0x43, 0xFE, 0x0A, 0x77, 0xFB, 0x35, 0xFC, 0x22, 0xFD, 0x9A, 0x7E, 0x23, 0xF8, 0x3F, 0xC3, 0xBF,
    0x08, 0xBC, 0x3F, 0x73, 0xA5, 0x58, 0xEA, 0xDA, 0x1C, 0xB7, 0xB7, 0x69, 0x35, 0xFC, 0xD7, 0x45,
    0xE5, 0x17, 0x0C, 0x80, 0x83, 0x2B, 0x31, 0x1F, 0x28, 0xC6, 0x07, 0x15, 0xF1, 0x7D, 0x00, 0x14,
    0x50, 0x01, 0xAF, 0xB7, 0xFF, 0x00, 0x65, 0x5F, 0xF8, 0x25, 0x7F, 0xC6, 0x1F, 0x8E, 0xD6, 0x56,
    0x9E, 0x33, 0xF8, 0x8D, 0x74, 0xFF, 0x00, 0x0F, 0xFC, 0x23, 0x74, 0xAB, 0x35, 0xBB, 0x5D, 0x5B,
    0x19, 0x35, 0x2B, 0xE8, 0x88, 0xC8, 0x68, 0xAD, 0xC9, 0x1E, 0x5A, 0x11, 0xD1, 0xE5, 0x23, 0xA8,
    0x21, 0x58, 0x1C, 0xD0, 0x07, 0xC4, 0x00, 0x13, 0xD0, 0x66, 0x8C, 0x57, 0xEF, 0x9F, 0xC3, 0xAF,
    0xF8, 0x25, 0xC7, 0xEC, 0x73, 0xE0, 0x0B, 0x68, 0x85, 0xE7, 0xC3, 0xB9, 0xFC, 0x57, 0x7A, 0x8A,
    0x03, 0x5E, 0x78, 0x83, 0x50, 0x96, 0xE0, 0xB9, 0x1D, 0x49, 0x85, 0x0A, 0x42, 0x3F, 0xEF, 0x8A,
    0xF4, 0xF1, 0xFB, 0x19, 0xFE, 0xC9, 0xC2, 0x0F, 0xB3, 0x0F, 0xD9, 0xCB, 0xE1, 0xDE, 0xCC, 0x63,
    0xFE, 0x45, 0xEB, 0x6C, 0xFE, 0x7B, 0x73, 0xFA, 0xD0, 0x07, 0xF3, 0x7A, 0x41, 0x1D, 0x41, 0xA2,
    0xBF, 0x7D, 0xFE, 0x21, 0xFF, 0x00, 0xC1, 0x2F, 0xBF, 0x63, 0x8F, 0x1F, 0xDB, 0x48, 0xB6, 0xFF,
    0x00, 0x0D, 0x9F, 0xC2, 0xD7, 0x8E, 0x08, 0x5B, 0xCF, 0x0F, 0x5F, 0xCB, 0x6A, 0xC9, 0x9F, 0x48,
    0x98, 0xBC, 0x27, 0xF1, 0x4A, 0xFC, 0xF7, 0xFD, 0xA9, 0x7F, 0xE0, 0x93, 0xBF, 0x16, 0xFE, 0x0C,
    0x69, 0xF7, 0x9E, 0x34, 0xF8, 0x51, 0xA8, 0xC9, 0xF1, 0x07, 0xC3, 0x16, 0xAA, 0xD3, 0x5C, 0x5B,
    0xC5, 0x6D, 0xE5, 0xEA, 0xB6, 0x71, 0x01, 0x92, 0xCD, 0x0A, 0x92, 0x27, 0x51, 0xDD, 0xA2, 0x3B,
    0xBB, 0x94, 0x03, 0x26, 0x80, 0x3E, 0x10, 0xA2, 0x82, 0x08, 0x38, 0x35, 0xF6, 0x2F, 0xFC, 0x13,
    0x1F, 0xF6, 0x73, 0xF8, 0x4F, 0xFB, 0x4A, 0x7C, 0x5D, 0xF1, 0x47, 0x84, 0xBE, 0x2E, 0x68, 0x37,
    0x1A, 0xAE, 0x9B, 0xA6, 0xF8, 0x6D, 0xB5, 0x1B, 0x68, 0xA1, 0xBE, 0x9A, 0xD4, 0xA4, 0xE2, 0xEA,
    0x18, 0xF7, 0x16, 0x89, 0x94, 0x9F, 0x95, 0xD8, 0x60, 0xF1, 0xCD, 0x00, 0x7C, 0x75, 0x83, 0x45,
    0x7E, 0xF4, 0xFF, 0x00, 0xC3, 0xA8, 0xBF, 0x62, 0x6F, 0xFA, 0x26, 0xBA, 0xA7, 0xFE, 0x14, 0x77,
    0xFF, 0x00, 0xFC, 0x76, 0xBF, 0x2E, 0xFF, 0x00, 0xE0, 0xA3, 0x9F, 0x02, 0xFE, 0x1A, 0xFE, 0xCF,
    0x3F, 0xB4, 0x2C, 0x7E, 0x00, 0xF8, 0x55, 0xA2, 0xCF, 0xA5, 0xE8, 0xAD, 0xE1, 0xFB, 0x2B, 0xF3,
    0x04, 0xD7, 0x92, 0xDC, 0xB1, 0x9A, 0x47, 0x98, 0x3B, 0x6F, 0x95, 0x8B, 0x72, 0x11, 0x78, 0xCE,
    0x38, 0xA0, 0x0F, 0x96, 0xA8, 0xA2, 0x8A, 0x00, 0x28, 0xE6, 0xBE, 0xCB, 0xFF, 0x00, 0x82, 0x63,
    0x7E, 0xCD, 0xFF, 0x00, 0x09, 0x3F, 0x69, 0x5F, 0x8A, 0x3E, 0x2C, 0xF0, 0xC7, 0xC5, 0xDD, 0x02,
    0xE3, 0x55, 0xD3, 0xF4, 0xAD, 0x01, 0x6F, 0xED, 0x63, 0x86, 0xFE, 0x6B, 0x52, 0x93, 0x1B, 0x98,
    0xD3, 0x71, 0x68, 0x99, 0x49, 0xF9, 0x58, 0x8C, 0x1E, 0x2B, 0xF4, 0x7B, 0xFE, 0x1D, 0x47, 0xFB,
    0x13, 0x7F, 0xD1, 0x35, 0xD4, 0xFF, 0x00, 0xF0, 0xA3, 0xBF, 0xFF, 0x00, 0xE3, 0xB4, 0x01, 0xF8,
    0x2D, 0x45, 0x7D, 0x45, 0xFF, 0x00, 0x05, 0x19, 0xF8, 0x19, 0xF0, 0xDF, 0xF6, 0x7A, 0xFD, 0xA1,
    0x87, 0xC3, 0xFF, 0x00, 0x85, 0x7A, 0x34, 0xFA, 0x66, 0x8B, 0xFD, 0x83, 0x63, 0x7D, 0xE4, 0x4D,
    0x79, 0x2D, 0xCB, 0x79, 0xD2, 0x34, 0xA1, 0xDB, 0x7C, 0xA4, 0xB7, 0x3B, 0x17, 0x8C, 0xE3, 0x8A,
    0xF9, 0x76, 0x80, 0x0A, 0x28, 0xFC, 0x68, 0xA0, 0x02, 0x8A, 0x28, 0xA0, 0x02, 0x8A, 0x28, 0x14,
    0x00, 0x51, 0x45, 0x14, 0x00, 0x51, 0x45, 0x14, 0x00, 0x51, 0x45, 0x14, 0x00, 0x52, 0x8A, 0x4A,
    0x51, 0x40, 0x08, 0x7A, 0xD1, 0x41, 0xEB, 0x45, 0x00, 0x14, 0x51, 0x45, 0x00, 0x14, 0x51, 0x45,
    0x00, 0x14, 0x51, 0x45, 0x00, 0x14, 0x51, 0x47, 0x6A, 0x00, 0x28, 0xA2, 0x8A, 0x00, 0x28, 0xA2,
    0x8A, 0x00, 0x2B, 0xED, 0xBF, 0xF8, 0x24, 0x0F, 0xFC, 0x9D, 0xF5, 0xBF, 0xFD, 0x8B, 0x5A, 0xA7,
    0xF2, 0x8A, 0xBE, 0x24, 0xAF, 0xB6, 0xFF, 0x00, 0xE0, 0x90, 0x5F, 0xF2, 0x77, 0xF6, 0xFF, 0x00,
    0xF6, 0x2D, 0x6A, 0x9F, 0xCA, 0x2A, 0x00, 0xFD, 0xCB, 0xE7, 0x35, 0xE6, 0x5F, 0x15, 0xFF, 0x00,
    0x69, 0x8F, 0x81, 0x3F, 0x03, 0xB5, 0x4B, 0x2D, 0x17, 0xE2, 0xBF, 0xC4, 0xBD, 0x27, 0xC3, 0x57,
    0xDA, 0x8D, 0xB9, 0xBA, 0xB5, 0x82, 0xF0, 0xC9, 0xBA, 0x58, 0x83, 0x15, 0x2E, 0x36, 0xA9, 0xE3,
    0x70, 0x23, 0xF0, 0xAF, 0x4E, 0xEF, 0x5F, 0x8F, 0x5F, 0xF0, 0x5B, 0x46, 0x65, 0xF8, 0xC5, 0xF0,
    0xF7, 0x0C, 0x47, 0xFC, 0x53, 0x33, 0xF7, 0xFF, 0x00, 0xA7, 0xC7, 0xA4, 0x07, 0xDF, 0xC7, 0xFE,
    0x0A, 0x0D, 0xFB, 0x19, 0xE3, 0xFE, 0x4E, 0x03, 0xC3, 0x3F, 0x9C, 0xFF, 0x00, 0xFC, 0x6E, 0xBB,
    0xBF, 0x86, 0x7F, 0xB4, 0xB7, 0xC0, 0x2F, 0x8C, 0x77, 0x8D, 0xA6, 0x7C, 0x32, 0xF8, 0xB7, 0xE1,
    0x8F, 0x10, 0x5F, 0xAA, 0x97, 0x36, 0x36, 0xB7, 0xEB, 0xF6, 0xA2, 0xA0, 0x72, 0xC2, 0x16, 0xC4,
    0x84, 0x0C, 0x75, 0x0B, 0x8A, 0xFE, 0x69, 0x77, 0xBF, 0xF7, 0x8F, 0xE7, 0x56, 0xF4, 0x9D, 0x67,
    0x56, 0xD0, 0x75, 0x4B, 0x5D, 0x6F, 0x45, 0xD4, 0xAE, 0xAC, 0x35, 0x0B, 0x19, 0x56, 0x7B, 0x6B,
    0xAB, 0x69, 0x9A, 0x29, 0xA0, 0x91, 0x4E, 0x55, 0xD1, 0xD4, 0x82, 0xAC, 0x08, 0xC8, 0x20, 0xD1,
    0x60, 0x3F, 0xA9, 0xBE, 0x0F, 0x53, 0x5F, 0x03, 0xFF, 0x00, 0xC1, 0x54, 0xBF, 0x63, 0xED, 0x1F,
    0xE2, 0xB7, 0xC3, 0x0B, 0xFF, 0x00, 0x8F, 0x5E, 0x0F, 0xD2, 0x92, 0x1F, 0x1A, 0xF8, 0x2E, 0xD0,
    0xDC, 0xEA, 0x0D, 0x0A, 0x61, 0xB5, 0x4D, 0x2A, 0x31, 0x99, 0x16, 0x4C, 0x7D, 0xE9, 0x21, 0x5C,
    0xC8, 0x8C, 0x79, 0xD8, 0xAE, 0x9C, 0xFC, 0xBB, 0x7D, 0xBF, 0xF6, 0x07, 0xFD, 0xA0, 0xB5, 0x5F,
    0xDA, 0x43, 0xF6, 0x6C, 0xD0, 0x3C, 0x71, 0xE2, 0x59, 0x56, 0x5F, 0x11, 0x58, 0x4B, 0x36, 0x89,
    0xAD, 0x4A, 0xAA, 0x14, 0x4D, 0x77, 0x6F, 0xB7, 0xF7, 0xD8, 0x1C, 0x03, 0x24, 0x6F, 0x14, 0x84,
    0x00, 0x00, 0x66, 0x6C, 0x0C, 0x62, 0xBE, 0x81, 0xD4, 0xAC, 0x2C, 0xF5, 0x5B, 0x0B, 0x8D, 0x33,
    0x50, 0xB7, 0x4B, 0x8B, 0x5B, 0xB8, 0x9E, 0xDE, 0x78, 0x9C, 0x65, 0x64, 0x8D, 0xC1, 0x56, 0x52,
    0x3D, 0x08, 0x24, 0x51, 0xB3, 0x03, 0xF9, 0x60, 0xE8, 0x71, 0x45, 0x74, 0xBF, 0x12, 0xFC, 0x2B,
    0xFF, 0x00, 0x08, 0x2F, 0xC4, 0x6F, 0x14, 0xF8, 0x27, 0x73, 0x1F, 0xF8, 0x47, 0xF5, 0xAB, 0xED,
    0x2B, 0x27, 0xA9, 0xF2, 0x27, 0x78, 0xF3, 0xFF, 0x00, 0x8E, 0xD7, 0x34, 0x01, 0x27, 0x1D, 0xCD,
    0x30, 0x3E, 0x99, 0xFF, 0x00, 0x82, 0x76, 0x7C, 0x08, 0xFF, 0x00, 0x85, 0xF3, 0xFB, 0x50, 0xF8,
    0x67, 0x4A, 0xD4, 0x6C, 0x8D, 0xC6, 0x81, 0xE1, 0xA7, 0xFF, 0x00, 0x84, 0x8F, 0x59, 0x0C, 0xB9,
    0x46, 0x82, 0xD9, 0x94, 0xC7, 0x13, 0x76, 0x22, 0x49, 0xCC, 0x28, 0x47, 0x75, 0x2D, 0xE9, 0x5F,
    0xD0, 0x68, 0xE0, 0x75, 0xAF, 0x82, 0xFF, 0x00, 0xE0, 0x90, 0x3F, 0x01, 0xFF, 0x00, 0xE1, 0x5D,
    0xFC, 0x02, 0xBB, 0xF8, 0xB1, 0xAB, 0xD9, 0x79, 0x7A, 0xBF, 0xC4, 0x5B, 0xA1, 0x3C, 0x05, 0xD7,
    0x0C, 0x9A, 0x65, 0xB9, 0x64, 0x80, 0x73, 0xC8, 0xDF, 0x21, 0x9A, 0x4F, 0x75, 0x31, 0x9E, 0xD5,
    0xF6, 0xDF, 0x8D, 0x7C, 0x5D, 0xA2, 0xF8, 0x0B, 0xC2, 0x1A, 0xDF, 0x8D, 0xFC, 0x45, 0x72, 0x2D,
    0xF4, 0xBD, 0x03, 0x4F, 0xB8, 0xD4, 0xEF, 0x25, 0x38, 0xF9, 0x61, 0x86, 0x36, 0x91, 0xCF, 0xD7,
    0x0A, 0x71, 0xEF, 0x8A, 0x4C, 0x0D, 0xAE, 0x71, 0x5F, 0x9F, 0x9F, 0xF0, 0x58, 0x8F, 0x81, 0x1F,
    0xF0, 0x9D, 0x7C, 0x10, 0xD3, 0x3E, 0x32, 0xE9, 0x16, 0x7B, 0xF5, 0x5F, 0x87, 0xF7, 0x7B, 0x2F,
    0x59, 0x17, 0xE6, 0x7D, 0x32, 0xE9, 0x95, 0x1F, 0x38, 0xE4, 0xF9, 0x73, 0x08, 0x58, 0x7A, 0x2B,
    0x48, 0x6B, 0xBC, 0xFF, 0x00, 0x82, 0x68, 0xFE, 0xD5, 0x7A, 0xBF, 0xED, 0x2B, 0xF0, 0xF3, 0xC5,
    0xF1, 0x78, 0xC6, 0xFB, 0xCD, 0xF1, 0x26, 0x81, 0xE2, 0x3B, 0xAB, 0x97, 0x8D, 0x9F, 0x71, 0x4D,
    0x3E, 0xFA, 0x47, 0x9E, 0xD9, 0x46, 0x79, 0xDB, 0x1B, 0x79, 0xD0, 0x81, 0xD9, 0x62, 0x41, 0x5F,
    0x57, 0x78, 0xD7, 0xC2, 0x5A, 0x27, 0x8F, 0x7C, 0x21, 0xAD, 0x78, 0x23, 0xC4, 0xB6, 0xA2, 0xE7,
    0x4A, 0xD7, 0xAC, 0x27, 0xD3, 0x6F, 0x62, 0x3F, 0xC7, 0x04, 0xD1, 0x94, 0x71, 0xEC, 0x70, 0xC7,
    0x07, 0xB1, 0xC5, 0x1B, 0x30, 0x3F, 0x97, 0x2E, 0x41, 0xE9, 0x49, 0x5D, 0x8F, 0xC6, 0x2F, 0x86,
    0x7A, 0xDF, 0xC1, 0xBF, 0x8A, 0x3E, 0x27, 0xF8, 0x5D, 0xE2, 0x25, 0x22, 0xFF, 0x00, 0xC3, 0x5A,
    0x9C, 0xFA, 0x7C, 0x8F, 0xB7, 0x02, 0x65, 0x46, 0xFD, 0xDC, 0xA0, 0x7F, 0x75, 0xD0, 0xA3, 0x8F,
    0x66, 0x15, 0xC7, 0x53, 0x00, 0xAF, 0x73, 0xFD, 0x8D, 0xFF, 0x00, 0x69, 0xCD, 0x7B, 0xF6, 0x57,
    0xF8, 0xD1, 0xA6, 0x78, 0xFA, 0xCC, 0xCF, 0x73, 0xA1, 0xDD, 0x62, 0xC3, 0xC4, 0x3A, 0x74, 0x6D,
    0xC5, 0xDD, 0x83, 0xB0, 0xDF, 0x81, 0xD3, 0xCC, 0x8C, 0xE2, 0x44, 0x3C, 0x7C, 0xCB, 0x8C, 0xE1,
    0x9B, 0x3E, 0x19, 0x47, 0x4E, 0x94, 0x01, 0xFD, 0x49, 0xF8, 0x5F, 0xC4, 0xDA, 0x0F, 0x8D, 0x3C,
    0x39, 0xA6, 0x78, 0xB7, 0xC2, 0xFA, 0xA4, 0x1A, 0x96, 0x91, 0xAC, 0x5A, 0xC5, 0x7D, 0x63, 0x77,
    0x03, 0x66, 0x39, 0xE0, 0x91, 0x43, 0x23, 0xAF, 0xB1, 0x04, 0x7B, 0xF6, 0xAF, 0x36, 0xFD, 0xA9,
    0xBF, 0x67, 0x6F, 0x0C, 0x7E, 0xD3, 0xDF, 0x06, 0xF5, 0x9F, 0x86, 0x1E, 0x21, 0xF2, 0xE0, 0xB9,
    0x9D, 0x7E, 0xD5, 0xA4, 0x6A, 0x0C, 0x9B, 0x9B, 0x4F, 0xD4, 0x10, 0x1F, 0x26, 0x61, 0xDF, 0x6F,
    0x25, 0x1C, 0x0F, 0xBC, 0x8E, 0xE3, 0xB8, 0x23, 0xF3, 0xD7, 0xFE, 0x09, 0x15, 0xFB, 0x60, 0x9D,
    0x2B, 0x51, 0xFF, 0x00, 0x86, 0x59, 0xF1, 0xFE, 0xA9, 0xFE, 0x85, 0x7E, 0xF2, 0x5C, 0xF8, 0x42,
    0xE2, 0x67, 0xC0, 0x86, 0xE0, 0xE5, 0xE6, 0xB1, 0xC9, 0xE8, 0x24, 0xF9, 0xA4, 0x8C, 0x7F, 0x7F,
    0xCC, 0x5E, 0x4B, 0xA8, 0xAF, 0xD6, 0x71, 0xF5, 0xEB, 0x48, 0x0F, 0xE5, 0xDF, 0xC7, 0x9E, 0x06,
    0xF1, 0x3F, 0xC3, 0x5F, 0x19, 0xEB, 0x1E, 0x01, 0xF1, 0x96, 0x97, 0x26, 0x9D, 0xAD, 0xE8, 0x57,
    0x92, 0x58, 0xDE, 0xDB, 0x49, 0xD5, 0x25, 0x43, 0x83, 0x83, 0xFC, 0x4A, 0x46, 0x19, 0x58, 0x70,
    0xCA, 0x41, 0x1C, 0x1A, 0xFD, 0x7E, 0xFF, 0x00, 0x82, 0x4E, 0xFE, 0xC7, 0xC3, 0xE1, 0x7F, 0x81,
    0x7F, 0xE1, 0xA0, 0xFC, 0x79, 0xA5, 0xEC, 0xF1, 0x4F, 0x8C, 0x6D, 0x02, 0xE8, 0xD0, 0x4E, 0x9F,
    0x3E, 0x9F, 0xA4, 0xB6, 0x18, 0x49, 0x83, 0xD2, 0x4B, 0x8C, 0x06, 0xF5, 0x11, 0x84, 0x1C, 0x6F,
    0x61, 0x5E, 0xC1, 0xFB, 0x46, 0x7F, 0xC1, 0x3F, 0xFE, 0x19, 0xFE, 0xD0, 0xFF, 0x00, 0x1D, 0x7C,
    0x0F, 0xF1, 0x97, 0x5C, 0xF2, 0xAD, 0xD7, 0x45, 0x94, 0x27, 0x89, 0xAC, 0x04, 0x7C, 0x6B, 0xB6,
    0xD1, 0x2E, 0xEB, 0x68, 0xDC, 0x8E, 0x85, 0x5C, 0x04, 0x72, 0x79, 0x68, 0x8E, 0xDC, 0x8D, 0xAB,
    0x8F, 0xAA, 0x22, 0x8A, 0x38, 0x22, 0x48, 0x61, 0x45, 0x44, 0x40, 0x15, 0x55, 0x46, 0x00, 0x03,
    0x80, 0x00, 0xEC, 0x29, 0x80, 0xEC, 0xF0, 0x73, 0x5F, 0x90, 0x9F, 0xF0, 0x56, 0xEF, 0xDB, 0x17,
    0xFE, 0x12, 0xDD, 0x7D, 0xFF, 0x00, 0x66, 0x1F, 0x87, 0xDA, 0xA6, 0xED, 0x1F, 0x42, 0xB8, 0x59,
    0xBC, 0x57, 0x71, 0x0B, 0xFC, 0xB7, 0x57, 0xE8, 0x72, 0x96, 0x79, 0x1D, 0x52, 0x13, 0x86, 0x71,
    0xDE, 0x5C, 0x0E, 0x0C, 0x5C, 0xFD, 0xAB, 0xFF, 0x00, 0x05, 0x08, 0xFD, 0xAE, 0x2D, 0x7F, 0x65,
    0xAF, 0x83, 0xB3, 0x7F, 0x60, 0x5E, 0xC4, 0x7C, 0x77, 0xE2, 0xA5, 0x92, 0xC7, 0xC3, 0xD0, 0x70,
    0x5A, 0xDF, 0x80, 0x25, 0xBD, 0x65, 0x3F, 0xC3, 0x10, 0x61, 0xB7, 0x3C, 0x19, 0x19, 0x06, 0x08,
    0xDD, 0x8F, 0xC0, 0x4B, 0xCB, 0xBB, 0xAD, 0x42, 0xEA, 0x6B, 0xEB, 0xEB, 0x99, 0x6E, 0x2E, 0x2E,
    0x24, 0x69, 0x65, 0x9A, 0x57, 0x2E, 0xF2, 0x3B, 0x1C, 0xB3, 0x33, 0x1E, 0x49, 0x24, 0x92, 0x49,
    0xEA, 0x4D, 0x24, 0x07, 0xB8, 0x7E, 0xC3, 0xFA, 0xFF, 0x00, 0xC2, 0x2F, 0x0D, 0x7E, 0xD3, 0xDE,
    0x06, 0xD6, 0x7E, 0x36, 0x5A, 0x09, 0xBC, 0x39, 0x0E, 0xA0, 0xBB, 0x64, 0x95, 0x80, 0xB7, 0xB6,
    0xBD, 0x3C, 0x5A, 0xCF, 0x38, 0x23, 0xE6, 0x85, 0x25, 0xD8, 0xCD, 0xC8, 0x03, 0x01, 0x8E, 0x42,
    0x95, 0x3F, 0xD1, 0x82, 0x90, 0x54, 0x15, 0x20, 0x8A, 0xFE, 0x56, 0x41, 0xC1, 0xC8, 0xAF, 0xDA,
    0xFF, 0x00, 0xF8, 0x25, 0x4F, 0xED, 0x83, 0xFF, 0x00, 0x0B, 0x8F, 0xE1, 0xD7, 0xFC, 0x29, 0x0F,
    0x1D, 0xEA, 0xBE, 0x67, 0x8C, 0xBC, 0x13, 0x6A, 0xA2, 0xC6, 0x69, 0x9F, 0x32, 0x6A, 0x7A, 0x4A,
    0xE1, 0x51, 0xF2, 0x7E, 0xF4, 0x90, 0x92, 0xB1, 0xB7, 0x72, 0xA6, 0x26, 0xE4, 0xEE, 0x34, 0xC0,
    0xF4, 0xDF, 0xF8, 0x28, 0x6F, 0xEC, 0x8F, 0x6F, 0xFB, 0x51, 0x7C, 0x1C, 0x96, 0x5F, 0x0E, 0xD9,
    0x46, 0x7C, 0x79, 0xE1, 0x35, 0x96, 0xFF, 0x00, 0x40, 0x94, 0x00, 0x1A, 0xE4, 0x60, 0x19, 0xAC,
    0x98, 0xFA, 0x4A, 0x14, 0x6D, 0xCF, 0x49, 0x15, 0x0E, 0x40, 0x2D, 0x9F, 0xC0, 0xC1, 0xA6, 0x6A,
    0x0D, 0xA8, 0x8D, 0x21, 0x6C, 0x2E, 0x4D, 0xF1, 0x9B, 0xEC, 0xE2, 0xD8, 0x44, 0xDE, 0x77, 0x9B,
    0xBB, 0x6F, 0x97, 0xB3, 0x19, 0xDD, 0xBB, 0x8D, 0xB8, 0xCE, 0x78, 0xAF, 0xEA, 0x78, 0xE0, 0xF1,
    0x5F, 0x29, 0x0F, 0xF8, 0x27, 0xDF, 0xC3, 0x15, 0xFD, 0xB1, 0xBF, 0xE1, 0xA9, 0xC2, 0xC1, 0xF6,
    0x6F, 0x23, 0xFB, 0x43, 0xFB, 0x0B, 0xC9, 0xFD, 0xDF, 0xF6, 0xFE, 0xEC, 0x7D, 0xBF, 0x3F, 0x77,
    0x1B, 0x7E, 0x7D, 0x98, 0xCF, 0x9D, 0xFB, 0xCC, 0xF6, 0xA4, 0x80, 0x9F, 0xFE, 0x09, 0xF1, 0xFB,
    0x24, 0xDB, 0x7E, 0xCB, 0x7F, 0x06, 0xA1, 0x1A, 0xFD, 0x9C, 0x5F, 0xF0, 0x9D, 0x78, 0xA9, 0x63,
    0xBF, 0xF1, 0x0C, 0xC0, 0x02, 0xD6, 0xE7, 0x04, 0xC5, 0x64, 0xAD, 0xFD, 0xD8, 0x43, 0x1C, 0xE3,
    0x83, 0x23, 0x48, 0x72, 0x46, 0xDC, 0x7D, 0x49, 0x2C, 0xB1, 0xC3, 0x13, 0x4D, 0x33, 0xAA, 0x22,
    0x29, 0x66, 0x66, 0x38, 0x00, 0x0E, 0xA4, 0x9E, 0xC2, 0x9D, 0xD3, 0x8A, 0xFC, 0xEF, 0xFF, 0x00,
    0x82, 0xB1, 0x7E, 0xD8, 0x9F, 0xF0, 0xAD, 0x3C, 0x16, 0x7F, 0x67, 0x7F, 0x00, 0x6A, 0x9B, 0x3C,
    0x51, 0xE2, 0xCB, 0x5D, 0xDA, 0xED, 0xC4, 0x0F, 0xF3, 0xE9, 0xFA, 0x53, 0xE4, 0x79, 0x59, 0x1F,
    0x76, 0x4B, 0x8E, 0x47, 0xA8, 0x88, 0x31, 0xFE, 0x35, 0x34, 0x6E, 0x07, 0xC4, 0xFF, 0x00, 0xF0,
    0x52, 0x2F, 0xDB, 0x01, 0xFF, 0x00, 0x69, 0x8F, 0x8B, 0x47, 0xC3, 0xBE, 0x10, 0xD4, 0x9A, 0x4F,
    0x87, 0xFE, 0x0D, 0x96, 0x4B, 0x5D, 0x27, 0xCB, 0x62, 0x13, 0x50, 0xB8, 0xFB, 0xB3, 0x5F, 0x11,
    0xDC, 0x36, 0x36, 0xC7, 0x9E, 0x91, 0xAE, 0x78, 0x2E, 0xC2, 0xBC, 0x8F, 0xF6, 0x3B, 0xF1, 0x87,
    0x86, 0xBC, 0x01, 0xFB, 0x4E, 0x7C, 0x38, 0xF1, 0x97, 0x8C, 0x75, 0x88, 0x34, 0xAD, 0x17, 0x48,
    0xD7, 0x61, 0xB9, 0xBD, 0xBC, 0x9F, 0x3E, 0x5C, 0x11, 0x00, 0xD9, 0x66, 0xC0, 0x27, 0x1C, 0x8E,
    0xD5, 0xE3, 0x9D, 0x79, 0x34, 0x72, 0x39, 0x14, 0xC0, 0xFE, 0x87, 0xD7, 0xFE, 0x0A, 0x0F, 0xFB,
    0x19, 0x85, 0x03, 0xFE, 0x1A, 0x03, 0xC3, 0x5C, 0x0F, 0xFA, 0x6F, 0xFF, 0x00, 0xC6, 0xE9, 0x7F,
    0xE1, 0xE1, 0x1F, 0xB1, 0x9E, 0x7F, 0xE4, 0xE0, 0x3C, 0x35, 0xFF, 0x00, 0x91, 0xFF, 0x00, 0xF8,
    0xDD, 0x7F, 0x3C, 0x1B, 0xDF, 0xFB, 0xC7, 0xF3, 0xA3, 0x7B, 0xFF, 0x00, 0x78, 0xFE, 0x74, 0x01,
    0xFD, 0x49, 0x78, 0x63, 0xC4, 0xDA, 0x17, 0x8C, 0xFC, 0x39, 0xA6, 0x78, 0xB7, 0xC2, 0xFA, 0x9C,
    0x3A, 0x8E, 0x91, 0xAC, 0x5A, 0x45, 0x7D, 0x63, 0x77, 0x0E, 0x76, 0x4F, 0x04, 0x8A, 0x19, 0x1D,
    0x72, 0x01, 0xC1, 0x52, 0x08, 0xE2, 0xA6, 0xD7, 0x75, 0xCD, 0x27, 0xC3, 0x3A, 0x26, 0xA1, 0xE2,
    0x3D, 0x7A, 0xFA, 0x2B, 0x2D, 0x33, 0x4A, 0xB4, 0x96, 0xFA, 0xF6, 0xE6, 0x53, 0x84, 0x86, 0x08,
    0x90, 0xBC, 0x92, 0x36, 0x3B, 0x2A, 0xA9, 0x27, 0xE9, 0x5E, 0x5B, 0xFB, 0x1E, 0x1F, 0xF8, 0xC5,
    0x3F, 0x84, 0x24, 0xFF, 0x00, 0xD0, 0x95, 0xA3, 0xFF, 0x00, 0xE9, 0x2C, 0x75, 0xB5, 0xFB, 0x48,
    0x1C, 0x7E, 0xCE, 0xFF, 0x00, 0x14, 0x8F, 0xA7, 0x82, 0xB5, 0xCF, 0xFD, 0x21, 0x9A, 0x90, 0x1E,
    0x7D, 0xFF, 0x00, 0x0F, 0x08, 0xFD, 0x8C, 0xFF, 0x00, 0xE8, 0xE0, 0x3C, 0x35, 0xFF, 0x00, 0x91,
    0xFF, 0x00, 0xF8, 0xDD, 0x23, 0x7F, 0xC1, 0x42, 0x7F, 0x63, 0x3D, 0xA4, 0x7F, 0xC3, 0x40, 0x78,
    0x6B, 0xA7, 0xA4, 0xFF, 0x00, 0xFC, 0x6E, 0xBF, 0x9E, 0x22, 0xEF, 0x9F, 0xBC, 0x7A, 0x0E, 0xF4,
    0x9B, 0xDF, 0xFB, 0xC7, 0xF3, 0xA6, 0x07, 0xB9, 0xFE, 0xDC, 0x5E, 0x38, 0xF0, 0x9F, 0xC4, 0x9F,
    0xDA, 0xAF, 0xE2, 0x17, 0x8D, 0xFC, 0x0D, 0xAE, 0x5B, 0xEB, 0x1A, 0x16, 0xAD, 0xA8, 0x43, 0x2D,
    0x9D, 0xF5, 0xBE, 0xEF, 0x2E, 0x65, 0x16, 0xB0, 0xA9, 0x2B, 0xB8, 0x03, 0xC3, 0x2B, 0x0E, 0x9D,
    0xAB, 0xE9, 0x5F, 0xF8, 0x26, 0x27, 0xEC, 0x19, 0x61, 0xF1, 0xAA, 0xF9, 0x7E, 0x3B, 0xFC, 0x5E,
    0xD2, 0x05, 0xCF, 0x82, 0x74, 0xAB, 0x93, 0x16, 0x8F, 0xA5, 0xCE, 0xBF, 0xBB, 0xD6, 0x6F, 0x23,
    0x3F, 0x3B, 0xC8, 0x3F, 0x8A, 0xDE, 0x26, 0xE0, 0xAF, 0x49, 0x1C, 0x15, 0x3F, 0x2A, 0x30, 0x6F,
    0x89, 0x3E, 0x11, 0xFC, 0x39, 0xD6, 0x7E, 0x2F, 0xFC, 0x4E, 0xF0, 0xBF, 0xC3, 0x2D, 0x03, 0x22,
    0xFF, 0x00, 0xC4, 0xDA, 0xA5, 0xBE, 0x9B, 0x14, 0x84, 0x64, 0x44, 0x24, 0x70, 0x1A, 0x56, 0xFF,
    0x00, 0x65, 0x17, 0x73, 0x9F, 0x65, 0x35, 0xFD, 0x2C, 0x7C, 0x3C, 0xF0, 0x2F, 0x86, 0xFE, 0x18,
    0xF8, 0x1F, 0x43, 0xF8, 0x7D, 0xE1, 0x1B, 0x25, 0xB4, 0xD1, 0xFC, 0x3F, 0x61, 0x0E, 0x9F, 0x67,
    0x10, 0xC6, 0x44, 0x71, 0xA8, 0x01, 0x98, 0xF7, 0x66, 0x39, 0x66, 0x3D, 0x4B, 0x31, 0x27, 0xAD,
    0x1B, 0x01, 0xBD, 0x0C, 0x30, 0xDB, 0x42, 0x96, 0xF6, 0xF1, 0x2C, 0x71, 0xC6, 0xA1, 0x11, 0x11,
    0x40, 0x55, 0x51, 0xC0, 0x00, 0x0E, 0x80, 0x0E, 0xD5, 0x8D, 0xE3, 0x1F, 0x1C, 0xF8, 0x33, 0xE1,
    0xE6, 0x89, 0x37, 0x89, 0x7C, 0x79, 0xE2, 0xBD, 0x27, 0xC3, 0xDA, 0x4D, 0xBF, 0xFA, 0xCB, 0xDD,
    0x4E, 0xF2, 0x3B, 0x68, 0x54, 0xE3, 0x20, 0x6F, 0x72, 0x01, 0x27, 0x1C, 0x01, 0xC9, 0xAE, 0x57,
    0xF6, 0x84, 0xF8, 0xE5, 0xE1, 0x1F, 0xD9, 0xD3, 0xE1, 0x3E, 0xB9, 0xF1, 0x5F, 0xC6, 0x4C, 0xCF,
    0x69, 0xA4, 0xC4, 0x05, 0xBD, 0xA4, 0x6C, 0x04, 0xB7, 0xB7, 0x4E, 0x76, 0xC3, 0x6F, 0x1E, 0x7F,
    0x89, 0xDB, 0x03, 0x3C, 0xED, 0x50, 0xCC, 0x78, 0x53, 0x5F, 0xCF, 0x8F, 0xED, 0x0D, 0xFB, 0x49,
    0x7C, 0x52, 0xFD, 0xA6, 0x3C, 0x75, 0x73, 0xE3, 0x6F, 0x89, 0x5A, 0xF4, 0x97, 0x19, 0x76, 0x16,
    0x1A, 0x6C, 0x4C, 0x56, 0xCB, 0x4D, 0x84, 0x9E, 0x22, 0x82, 0x3C, 0xE1, 0x40, 0x18, 0xCB, 0x1F,
    0x99, 0x88, 0xCB, 0x12, 0x69, 0x01, 0xFB, 0x75, 0x79, 0xFF, 0x00, 0x05, 0x28, 0xFD, 0x89, 0x2C,
    0x6F, 0xBF, 0xB3, 0xE6, 0xF8, 0xED, 0xA7, 0x3C, 0x81, 0xB6, 0x97, 0x87, 0x4C, 0xBF, 0x96, 0x20,
    0x7F, 0xEB, 0xA2, 0xC0, 0x54, 0x8F, 0x70, 0x71, 0x5E, 0xC9, 0xF0, 0xC7, 0xE3, 0x6F, 0xC2, 0x4F,
    0x8C, 0xDA, 0x7C, 0x9A, 0x9F, 0xC2, 0xCF, 0x88, 0x9A, 0x0F, 0x89, 0xA1, 0x84, 0x03, 0x30, 0xD3,
    0xEF, 0x16, 0x49, 0x21, 0xCF, 0x4F, 0x32, 0x3F, 0xBF, 0x1F, 0xFC, 0x09, 0x45, 0x7F, 0x31, 0xFB,
    0x9B, 0xAE, 0x4F, 0xE7, 0x5B, 0xBE, 0x08, 0xF1, 0xE7, 0x8C, 0xBE, 0x1B, 0x78, 0x9E, 0xCB, 0xC6,
    0x5E, 0x03, 0xF1, 0x2E, 0xA1, 0xA1, 0x6B, 0x7A, 0x7C, 0x82, 0x4B, 0x7B, 0xDB, 0x19, 0x8C, 0x72,
    0xA1, 0xCF, 0x20, 0x91, 0xF7, 0x94, 0xF4, 0x2A, 0x72, 0xA4, 0x70, 0x41, 0x14, 0x58, 0x0F, 0xEA,
    0x27, 0xD8, 0xD7, 0xE7, 0xD7, 0xFC, 0x14, 0xBB, 0xF6, 0x05, 0xD2, 0xBE, 0x2D, 0x78, 0x6B, 0x52,
    0xF8, 0xF1, 0xF0, 0x9F, 0x44, 0x4B, 0x7F, 0x1E, 0x68, 0xF0, 0x35, 0xD6, 0xAD, 0x67, 0x6B, 0x1E,
    0x3F, 0xB7, 0x6D, 0x51, 0x72, 0xE7, 0x68, 0xEB, 0x74, 0x8A, 0x32, 0xAC, 0x39, 0x91, 0x41, 0x43,
    0x93, 0xB3, 0x1E, 0xBB, 0xFF, 0x00, 0x04, 0xFF, 0x00, 0xFD, 0xB3, 0x2D, 0x7F, 0x6B, 0x3F, 0x86,
    0x73, 0x8F, 0x10, 0xA5, 0xB5, 0x9F, 0x8E, 0xFC, 0x31, 0xE5, 0x5B, 0xEB, 0xB6, 0xD0, 0x8D, 0xB1,
    0xDC, 0xAB, 0x83, 0xE5, 0x5E, 0x44, 0xBD, 0x91, 0xF6, 0xB0, 0x65, 0x1F, 0x75, 0xD4, 0x8F, 0xBA,
    0x57, 0x3F, 0x54, 0x11, 0x91, 0x8A, 0x36, 0x03, 0xF9, 0x58, 0x23, 0x15, 0xF5, 0x87, 0xFC, 0x12,
    0xD3, 0xFE, 0x4F, 0x7F, 0xE1, 0xF7, 0xFD, 0x73, 0xD5, 0xBF, 0xF4, 0xDB, 0x71, 0x50, 0x7F, 0xC1,
    0x49, 0xBE, 0x00, 0xDA, 0x7C, 0x04, 0xFD, 0xA7, 0x75, 0xAB, 0x6D, 0x06, 0xC5, 0x6D, 0x7C, 0x3B,
    0xE2, 0xD8, 0x87, 0x88, 0xF4, 0xA8, 0x91, 0x70, 0x90, 0x89, 0x9D, 0x84, 0xF0, 0xAE, 0x38, 0x01,
    0x27, 0x59, 0x30, 0xA3, 0xA2, 0x32, 0x0A, 0x9F, 0xFE, 0x09, 0x69, 0xFF, 0x00, 0x27, 0xC1, 0xF0,
    0xFB, 0xFE, 0xB9, 0xEA, 0xDF, 0xFA, 0x6D, 0xB8, 0xA6, 0x07, 0xEF, 0xB8, 0xE9, 0x5F, 0x93, 0x3F,
    0xF0, 0x5C, 0x5F, 0xF9, 0x18, 0xBE, 0x10, 0xFF, 0x00, 0xD7, 0x96, 0xB7, 0xFF, 0x00, 0xA3, 0x2D,
    0x2B, 0xF5, 0x94, 0x1C, 0x57, 0xE4, 0xD7, 0xFC, 0x17, 0x13, 0xFE, 0x46, 0x2F, 0x84, 0x3F, 0xF5,
    0xE5, 0xAD, 0xFF, 0x00, 0xE8, 0xCB, 0x4A, 0x48, 0x0F, 0xCB, 0xEA, 0x28, 0xA2, 0x98, 0x1F, 0x65,
    0xFF, 0x00, 0xC1, 0x25, 0x3F, 0xE4, 0xF3, 0x74, 0x0F, 0xFB, 0x03, 0xEA, 0xDF, 0xFA, 0x4C, 0x6B,
    0xF7, 0x72, 0xBF, 0x08, 0xFF, 0x00, 0xE0, 0x92, 0xBF, 0xF2, 0x79, 0xBA, 0x07, 0xFD, 0x81, 0xF5,
    0x6F, 0xFD, 0x26, 0x35, 0xFB, 0xB9, 0x49, 0x81, 0xF8, 0xF1, 0xFF, 0x00, 0x05, 0xB5, 0xFF, 0x00,
    0x92, 0xC7, 0xF0, 0xF7, 0xFE, 0xC5, 0x89, 0xFF, 0x00, 0xF4, 0xB1, 0xEB, 0xF3, 0x7C, 0x73, 0xC5,
    0x7E, 0x90, 0x7F, 0xC1, 0x6D, 0x7F, 0xE4, 0xB1, 0xFC, 0x3E, 0x1F, 0xF5, 0x2C, 0x4D, 0xFF, 0x00,
    0xA5, 0x8F, 0x5F, 0x19, 0xFE, 0xCB, 0x9F, 0x06, 0x2E, 0x3F, 0x68, 0x1F, 0x8F, 0x7E, 0x0D, 0xF8,
    0x4E, 0x9E, 0x62, 0xDA, 0xEB, 0x5A, 0x8A, 0xFF, 0x00, 0x68, 0x49, 0x1F, 0xDE, 0x8A, 0xC6, 0x20,
    0x65, 0xB9, 0x70, 0x7B, 0x11, 0x12, 0x3E, 0x3F, 0xDA, 0x2B, 0x4C, 0x0F, 0xBC, 0x7F, 0xE0, 0x97,
    0x3F, 0xB0, 0x36, 0x95, 0xE2, 0x2B, 0x1B, 0x0F, 0xDA, 0x67, 0xE3, 0x36, 0x8A, 0x97, 0x76, 0x6D,
    0x27, 0x9B, 0xE1, 0x2D, 0x1A, 0xEE, 0x3D, 0xD1, 0xCB, 0xB1, 0xB1, 0xF6, 0xF9, 0x90, 0xF0, 0xCB,
    0xB8, 0x11, 0x12, 0x9E, 0x0E, 0x0C, 0x84, 0x11, 0xB0, 0xD7, 0xEB, 0x16, 0x2A, 0x9E, 0x8D, 0xA4,
    0x69, 0x9A, 0x06, 0x91, 0x65, 0xA1, 0x68, 0xB6, 0x30, 0xD9, 0x69, 0xFA, 0x75, 0xBC, 0x76, 0x96,
    0x96, 0xD0, 0xAE, 0xD8, 0xE1, 0x86, 0x35, 0x0A, 0x91, 0xA8, 0xEC, 0x15, 0x40, 0x00, 0x7B, 0x57,
    0x92, 0x7E, 0xD6, 0xBF, 0xB4, 0xB7, 0x86, 0xBF, 0x65, 0x6F, 0x83, 0xBA, 0x97, 0xC4, 0xAD, 0x6E,
    0x14, 0xBD, 0xD4, 0x19, 0x85, 0x8E, 0x89, 0xA6, 0x79, 0x9B, 0x0D, 0xFD, 0xFB, 0xA9, 0x29, 0x1E,
    0x7A, 0xAA, 0x28, 0x56, 0x77, 0x6E, 0xC8, 0x87, 0x19, 0x24, 0x02, 0x80, 0xF4, 0x4F, 0x1D, 0xFC,
    0x47, 0xF0, 0x0F, 0xC3, 0x0D, 0x15, 0xBC, 0x47, 0xF1, 0x13, 0xC6, 0x5A, 0x37, 0x86, 0xF4, 0xC5,
    0x3B, 0x7E, 0xD5, 0xAA, 0x5E, 0xC7, 0x6F, 0x1B, 0x37, 0xF7, 0x54, 0xB9, 0x1B, 0x9B, 0xFD, 0x91,
    0x93, 0xED, 0x5E, 0x0D, 0x3F, 0xFC, 0x14, 0xAF, 0xF6, 0x23, 0xB7, 0xBE, 0xFE, 0xCF, 0x7F, 0x8E,
    0xB6, 0x0D, 0x26, 0x76, 0x97, 0x8F, 0x4A, 0xBF, 0x78, 0x81, 0xFF, 0x00, 0xAE, 0x8B, 0x06, 0xD2,
    0x3D, 0xF3, 0x8A, 0xFC, 0x30, 0xF8, 0xCF, 0xF1, 0xC7, 0xE2, 0x6F, 0xC7, 0xEF, 0x1A, 0xDD, 0x78,
    0xF3, 0xE2, 0x8F, 0x8A, 0x2E, 0x75, 0x7D, 0x46, 0x76, 0x6F, 0x25, 0x19, 0x8A, 0xDB, 0xD9, 0xC4,
    0x4E, 0x44, 0x36, 0xF1, 0x7D, 0xD8, 0xA3, 0x1D, 0x80, 0xE4, 0xF5, 0x24, 0x92, 0x49, 0xE1, 0x37,
    0x37, 0x5C, 0x9F, 0xCE, 0x98, 0x1F, 0xD3, 0x97, 0xC3, 0x5F, 0x8D, 0x1F, 0x0A, 0x3E, 0x31, 0xE9,
    0xAF, 0xAA, 0xFC, 0x2E, 0xF8, 0x85, 0xA0, 0xF8, 0x9A, 0xDE, 0x20, 0x0C, 0xDF, 0xD9, 0xD7, 0xA9,
    0x2B, 0xC3, 0x9E, 0x9E, 0x64, 0x60, 0xEF, 0x8F, 0xFE, 0x04, 0x05, 0x76, 0x67, 0x1C, 0xEE, 0xE9,
    0x5F, 0xCB, 0xCF, 0x81, 0x7E, 0x20, 0x78, 0xD3, 0xE1, 0x97, 0x8A, 0x2C, 0xBC, 0x69, 0xE0, 0x0F,
    0x13, 0x6A, 0x1A, 0x0E, 0xB7, 0xA7, 0xBE, 0xFB, 0x7B, 0xDB, 0x29, 0x8C, 0x72, 0x2F, 0xAA, 0x9C,
    0x70, 0xCA, 0x71, 0x82, 0xAC, 0x0A, 0x91, 0xC1, 0x04, 0x57, 0xE8, 0x4F, 0x8D, 0xBF, 0xE0, 0xB1,
    0x5E, 0x31, 0xD7, 0x3F, 0x67, 0x3B, 0x4F, 0x0D, 0x78, 0x77, 0x40, 0x6D, 0x2B, 0xE2, 0xBD, 0xF7,
    0x99, 0xA7, 0xEA, 0x9A, 0xD4, 0x48, 0xA2, 0xCE, 0xDA, 0x05, 0x51, 0xFE, 0x99, 0x6C, 0xB9, 0x24,
    0x4D, 0x26, 0xE2, 0x02, 0x11, 0xB6, 0x36, 0x56, 0x61, 0x9F, 0x90, 0x52, 0xB0, 0x1E, 0x6D, 0xFF,
    0x00, 0x05, 0x60, 0xF0, 0xE7, 0xEC, 0xF1, 0xA0, 0x7C, 0x7A, 0x8F, 0xFE, 0x15, 0x0D, 0xC4, 0x51,
    0x78, 0xAE, 0xE5, 0x25, 0x97, 0xC6, 0x7A, 0x7D, 0x82, 0x2F, 0xD8, 0x60, 0xBB, 0x25, 0x4C, 0x6F,
    0x91, 0xC2, 0xDC, 0x38, 0x2E, 0x65, 0x45, 0xE3, 0x85, 0x63, 0x87, 0x66, 0xCF, 0x65, 0xFF, 0x00,
    0x04, 0x4F, 0xFF, 0x00, 0x93, 0x81, 0xF1, 0xBF, 0xFD, 0x89, 0x8F, 0xFF, 0x00, 0xA5, 0xD6, 0xD5,
    0xF9, 0xE7, 0x79, 0x79, 0x77, 0xA8, 0xDD, 0xCD, 0x7F, 0x7F, 0x73, 0x2D, 0xC5, 0xCD, 0xC4, 0x8D,
    0x2C, 0xD3, 0x4A, 0xE5, 0xDE, 0x47, 0x63, 0x96, 0x66, 0x63, 0xCB, 0x12, 0x49, 0x24, 0x9E, 0x49,
    0x35, 0xFA, 0x19, 0xFF, 0x00, 0x04, 0x4E, 0xFF, 0x00, 0x93, 0x81, 0xF1, 0xB7, 0xFD, 0x89, 0xAF,
    0xFF, 0x00, 0xA5, 0xD6, 0xD4, 0xC0, 0xFD, 0x95, 0xC9, 0xAF, 0xC3, 0xCF, 0xF8, 0x2C, 0x4F, 0xFC,
    0x9D, 0xC4, 0x5F, 0xF6, 0x29, 0xE9, 0x9F, 0xFA, 0x32, 0xE2, 0xBF, 0x70, 0xFB, 0x9A, 0xFC, 0x3C,
    0xFF, 0x00, 0x82, 0xC4, 0x8F, 0xF8, 0xCB, 0x88, 0x7D, 0xFC, 0x27, 0xA6, 0x7F, 0xE8, 0xCB, 0x8A,
    0x48, 0x0F, 0x86, 0xE8, 0xA3, 0x14, 0x60, 0xD3, 0x03, 0xF4, 0x6B, 0xFE, 0x08, 0x99, 0xFF, 0x00,
    0x25, 0xC3, 0xC7, 0x9F, 0xF6, 0x29, 0xAF, 0xFE, 0x96, 0xC3, 0x5F, 0xB1, 0xB5, 0xF8, 0xE3, 0xFF,
    0x00, 0x04, 0x4D, 0x1F, 0xF1, 0x7C, 0xBC, 0x79, 0xFF, 0x00, 0x62, 0x9A, 0xFF, 0x00, 0xE9, 0x6C,
    0x35, 0xFB, 0x1D, 0x9A, 0x4C, 0x0F, 0xC3, 0x8F, 0xF8, 0x2C, 0x27, 0x3F, 0xB5, 0xDF, 0xD3, 0xC2,
    0xDA, 0x67, 0xFE, 0x85, 0x3D, 0x7C, 0x3F, 0x5F, 0x70, 0x7F, 0xC1, 0x61, 0x06, 0x3F, 0x6B, 0xBF,
    0xAF, 0x85, 0xB4, 0xCF, 0xFD, 0x0A, 0x7A, 0xF8, 0x7E, 0x98, 0x07, 0xE1, 0x41, 0xA2, 0x8A, 0x00,
    0x28, 0xA2, 0x8A, 0x00, 0x28, 0xA2, 0x8A, 0x00, 0x28, 0xA2, 0x8A, 0x00, 0x28, 0xA2, 0x8A, 0x00,
    0x28, 0xA2, 0x8A, 0x00, 0x29, 0x45, 0x25, 0x28, 0xA0, 0x04, 0x3D, 0x68, 0xA0, 0xF5, 0xA2, 0x80,
    0x0A, 0x28, 0xA2, 0x80, 0x0E, 0x7D, 0x69, 0x7F, 0x1A, 0x4F, 0xC2, 0x8A, 0x00, 0x3F, 0x1A, 0x28,
    0xA3, 0xF0, 0xA0, 0x02, 0x8A, 0x3F, 0x0A, 0x28, 0x00, 0xA2, 0x8A, 0x28, 0x00, 0xA2, 0x8A, 0x28,
    0x00, 0xAF, 0xB6, 0xFF, 0x00, 0xE0, 0x90, 0x3F, 0xF2, 0x77, 0xD0, 0x7F, 0xD8, 0xB5, 0xAA, 0x7F,
    0x28, 0xAB, 0xE2, 0x4A, 0xFB, 0x6F, 0xFE, 0x09, 0x03, 0xFF, 0x00, 0x27, 0x7D, 0x07, 0xFD, 0x8B,
    0x5A, 0xA7, 0xF2, 0x8A, 0x80, 0x3F, 0x73, 0x31, 0xCF, 0x35, 0xF8, 0xF1, 0xFF, 0x00, 0x05, 0xB5,
    0xFF, 0x00, 0x92, 0xC7, 0xF0, 0xF7, 0xFE, 0xC5, 0x89, 0xBF, 0xF4, 0xB1, 0xEB, 0xF6, 0x1B, 0xBD,
    0x7C, 0xB3, 0xFB, 0x5D, 0xFE, 0xC0, 0x7E, 0x09, 0xFD, 0xAF, 0x3C, 0x57, 0xA1, 0xF8, 0xAF, 0xC5,
    0x3E, 0x3B, 0xD7, 0x74, 0x29, 0xB4, 0x3D, 0x39, 0xF4, 0xE8, 0xA1, 0xD3, 0xE0, 0x81, 0xD2, 0x45,
    0x69, 0x4C, 0x9B, 0x98, 0xC8, 0x09, 0xCE, 0x5B, 0x1C, 0x7A, 0x52, 0x40, 0x7F, 0x3F, 0xF4, 0xA0,
    0x64, 0xD7, 0xEC, 0x27, 0xFC, 0x39, 0x2B, 0xE1, 0x0F, 0xFD, 0x16, 0x5F, 0x18, 0xFF, 0x00, 0xE0,
    0x1D, 0xA7, 0xFF, 0x00, 0x13, 0x5E, 0x89, 0xF0, 0x83, 0xFE, 0x09, 0x1F, 0xFB, 0x31, 0xFC, 0x34,
    0xD7, 0xED, 0xBC, 0x4D, 0xE2, 0x59, 0xB5, 0xFF, 0x00, 0x1D, 0x5C, 0xD9, 0xC8, 0x25, 0x86, 0xD3,
    0x5A, 0x96, 0x25, 0xB1, 0x0E, 0x39, 0x05, 0xA0, 0x89, 0x17, 0xCC, 0xE7, 0xF8, 0x5D, 0x99, 0x4F,
    0x75, 0x34, 0xC0, 0xD7, 0xFF, 0x00, 0x82, 0x51, 0x7C, 0x2E, 0xD7, 0xBE, 0x1A, 0xFE, 0xC9, 0x7A,
    0x75, 0xDF, 0x88, 0xAD, 0x25, 0xB5, 0xB9, 0xF1, 0x86, 0xAD, 0x73, 0xE2, 0x38, 0x60, 0x94, 0x15,
    0x74, 0xB6, 0x95, 0x22, 0x8A, 0x02, 0x47, 0x6D, 0xE9, 0x00, 0x90, 0x7F, 0xB3, 0x22, 0xD7, 0xD8,
    0xED, 0xD3, 0xF1, 0x14, 0xC8, 0xE3, 0x8E, 0x08, 0xD6, 0x18, 0x51, 0x52, 0x34, 0x01, 0x55, 0x54,
    0x60, 0x28, 0x1D, 0x00, 0x1E, 0x95, 0xE0, 0x7F, 0xB7, 0x0F, 0xED, 0x17, 0xA5, 0xFE, 0xCD, 0x9F,
    0xB3, 0xF7, 0x88, 0x7C, 0x5A, 0x6F, 0xE3, 0x8F, 0xC4, 0x3A, 0x9C, 0x12, 0x69, 0x3E, 0x1C, 0xB7,
    0xDD, 0x89, 0x25, 0xBF, 0x99, 0x0A, 0xAB, 0x81, 0xDD, 0x62, 0x52, 0x65, 0x63, 0xD3, 0x08, 0x07,
    0x56, 0x19, 0x5D, 0x40, 0xFC, 0x15, 0xFD, 0xA0, 0x35, 0xBB, 0x6F, 0x12, 0xFC, 0x76, 0xF8, 0x8B,
    0xE2, 0x3B, 0x27, 0x57, 0xB6, 0xD5, 0x3C, 0x59, 0xAB, 0xDE, 0x42, 0xCB, 0xD0, 0xC7, 0x25, 0xE4,
    0xAC, 0xA7, 0xF2, 0x22, 0xA2, 0xF8, 0x1F, 0xF0, 0xB3, 0x58, 0xF8, 0xDB, 0xF1, 0x6F, 0xC2, 0x9F,
    0x0A, 0x74, 0x2D, 0xC2, 0xEB, 0xC4, 0xBA, 0x9C, 0x36, 0x46, 0x55, 0x1B, 0xBC, 0x88, 0x49, 0xCC,
    0xD3, 0x11, 0xE9, 0x1C, 0x4B, 0x23, 0x9F, 0x65, 0xAE, 0x1D, 0x98, 0xBB, 0x16, 0x24, 0x92, 0x79,
    0x24, 0xF5, 0x3E, 0xF5, 0xFA, 0x7B, 0xFF, 0x00, 0x04, 0x5C, 0xF8, 0x0E, 0x75, 0x0F, 0x10, 0x78,
    0xAF, 0xF6, 0x87, 0xD6, 0xAC, 0xB3, 0x06, 0x95, 0x19, 0xF0, 0xEE, 0x86, 0xCE, 0xBC, 0x1B, 0x89,
    0x15, 0x64, 0xBA, 0x91, 0x7D, 0x0A, 0xC6, 0x62, 0x8F, 0x3F, 0xF4, 0xD9, 0xC7, 0x6A, 0x60, 0x7E,
    0xAA, 0xF8, 0x57, 0xC3, 0x7A, 0x37, 0x83, 0x7C, 0x33, 0xA5, 0x78, 0x4B, 0xC3, 0xB6, 0x6B, 0x69,
    0xA5, 0xE8, 0xB6, 0x50, 0x69, 0xF6, 0x50, 0x2F, 0x48, 0xA0, 0x89, 0x02, 0x46, 0xBF, 0x82, 0xA8,
    0xAF, 0x87, 0xBF, 0xE0, 0xB0, 0x3F, 0x1B, 0xC7, 0xC3, 0xFF, 0x00, 0xD9, 0xF6, 0xCB, 0xE1, 0x5E,
    0x97, 0x79, 0xE5, 0xEA, 0xBF, 0x11, 0x2F, 0x7C, 0x89, 0x95, 0x5B, 0x0C, 0xBA, 0x6D, 0xB1, 0x59,
    0x67, 0x3E, 0xA3, 0x74, 0x86, 0x04, 0xF7, 0x0C, 0xE2, 0xBE, 0xF4, 0x27, 0x8C, 0xF5, 0xAF, 0xC0,
    0x7F, 0xF8, 0x29, 0x87, 0xC6, 0xF1, 0xF1, 0xAB, 0xF6, 0xA9, 0xF1, 0x12, 0x69, 0x97, 0xCB, 0x3E,
    0x87, 0xE0, 0xC0, 0x3C, 0x33, 0xA6, 0x95, 0x90, 0x14, 0x63, 0x03, 0x13, 0x71, 0x20, 0xC7, 0x07,
    0x75, 0xC3, 0x4B, 0x82, 0x3A, 0xAA, 0xA5, 0x24, 0x05, 0xAF, 0xF8, 0x26, 0x07, 0xC6, 0xFF, 0x00,
    0xF8, 0x53, 0xBF, 0xB5, 0x4E, 0x85, 0xA7, 0xEA, 0x57, 0x9E, 0x4E, 0x8B, 0xE3, 0xA4, 0x3E, 0x1A,
    0xBE, 0xDC, 0xD8, 0x51, 0x2C, 0xCC, 0x1A, 0xD5, 0xFD, 0x32, 0x27, 0x58, 0xD7, 0x3D, 0x96, 0x46,
    0xAF, 0xDE, 0xFE, 0xA3, 0xEB, 0x5F, 0xCB, 0x05, 0x95, 0xD5, 0xDE, 0x9F, 0x79, 0x05, 0xFD, 0x8D,
    0xCB, 0x41, 0x71, 0x6F, 0x22, 0xCB, 0x0C, 0xB1, 0xBE, 0xD6, 0x8D, 0xD4, 0x82, 0xAC, 0x08, 0xE8,
    0x41, 0x00, 0xFE, 0x15, 0xFD, 0x24, 0xFE, 0xCB, 0x3F, 0x19, 0xED, 0x3F, 0x68, 0x0F, 0x80, 0x9E,
    0x0D, 0xF8, 0xA7, 0x0C, 0xB1, 0x35, 0xD6, 0xAD, 0xA7, 0x22, 0xEA, 0x49, 0x19, 0x18, 0x8A, 0xFE,
    0x2F, 0xDD, 0xDC, 0xA6, 0x07, 0x41, 0xE6, 0xA3, 0x11, 0x9F, 0xE1, 0x65, 0x3D, 0xE8, 0x60, 0x7E,
    0x70, 0xFF, 0x00, 0xC1, 0x68, 0x3E, 0x02, 0x9D, 0x1B, 0xC6, 0x1E, 0x18, 0xFD, 0xA1, 0x74, 0x5B,
    0x3C, 0x5A, 0xF8, 0x82, 0x21, 0xA0, 0xEB, 0x6E, 0xAB, 0xC0, 0xBC, 0x85, 0x4B, 0x5B, 0x48, 0xC7,
    0xB9, 0x78, 0x43, 0xA7, 0xFD, 0xBB, 0xAF, 0xAD, 0x7E, 0x66, 0x7E, 0x35, 0xFD, 0x24, 0x7E, 0xD6,
    0xBF, 0x04, 0x2D, 0xFF, 0x00, 0x68, 0x6F, 0xD9, 0xFB, 0xC6, 0x1F, 0x0B, 0xCC, 0x48, 0x75, 0x0B,
    0xFB, 0x13, 0x71, 0xA4, 0xC8, 0xD8, 0xFD, 0xD6, 0xA1, 0x09, 0xF3, 0x2D, 0xCE, 0x7B, 0x02, 0xEA,
    0x11, 0x8F, 0xF7, 0x5D, 0xBD, 0x6B, 0xF9, 0xBD, 0xBC, 0xB5, 0xB9, 0xB1, 0xBA, 0x9A, 0xCA, 0xF2,
    0xDD, 0xE0, 0x9E, 0x09, 0x1A, 0x29, 0x62, 0x91, 0x4A, 0xB2, 0x3A, 0x9C, 0x32, 0x90, 0x7A, 0x10,
    0x41, 0x14, 0xD0, 0x11, 0x1F, 0xAD, 0x25, 0x1F, 0x85, 0x14, 0x01, 0x6B, 0x4A, 0xD5, 0x75, 0x1D,
    0x0F, 0x53, 0xB4, 0xD6, 0xB4, 0x8B, 0xE9, 0xEC, 0xEF, 0xAC, 0x27, 0x8E, 0xEA, 0xD6, 0xE6, 0x07,
    0x29, 0x24, 0x32, 0xA3, 0x06, 0x47, 0x46, 0x1C, 0x86, 0x56, 0x00, 0x82, 0x3A, 0x11, 0x5F, 0xD0,
    0x77, 0xEC, 0x27, 0xFB, 0x57, 0x69, 0x9F, 0xB5, 0x5F, 0xC1, 0x8B, 0x4D, 0x7E, 0xF6, 0x78, 0x23,
    0xF1, 0x8E, 0x84, 0x13, 0x4F, 0xF1, 0x35, 0x9A, 0x61, 0x71, 0x72, 0x17, 0xE5, 0xB9, 0x45, 0xED,
    0x14, 0xC0, 0x6F, 0x1D, 0x83, 0x07, 0x4E, 0x76, 0x66, 0xBF, 0x9E, 0xBB, 0x78, 0x26, 0xBA, 0x9E,
    0x3B, 0x6B, 0x68, 0x9E, 0x59, 0x65, 0x60, 0x88, 0x88, 0xA5, 0x99, 0xD8, 0x9C, 0x00, 0x00, 0xE4,
    0x92, 0x70, 0x00, 0xAF, 0xDF, 0x5F, 0xF8, 0x27, 0x5F, 0xEC, 0x91, 0x0F, 0xEC, 0xC1, 0xF0, 0x6E,
    0x3B, 0xAF, 0x12, 0x58, 0xA2, 0xF8, 0xF3, 0xC5, 0xEB, 0x15, 0xFE, 0xBC, 0xEC, 0x01, 0x6B, 0x45,
    0x00, 0x98, 0x6C, 0x81, 0xF4, 0x88, 0x31, 0x2D, 0x8E, 0xB2, 0x3B, 0xF2, 0x40, 0x5A, 0x00, 0xFA,
    0xBA, 0xB9, 0xEF, 0x88, 0x5E, 0x3C, 0xF0, 0xB7, 0xC2, 0xEF, 0x05, 0x6B, 0x3F, 0x10, 0x7C, 0x69,
    0xAA, 0x47, 0xA7, 0xE8, 0x9A, 0x0D, 0x9C, 0x97, 0xB7, 0xB7, 0x0F, 0xFC, 0x31, 0xA0, 0xCE, 0x14,
    0x7F, 0x13, 0xB1, 0xC2, 0xAA, 0x8E, 0x59, 0x98, 0x01, 0xC9, 0xAE, 0x86, 0xB9, 0x3F, 0x8A, 0xDF,
    0x0C, 0xFC, 0x27, 0xF1, 0x93, 0xE1, 0xE6, 0xBD, 0xF0, 0xCB, 0xC7, 0x16, 0x1F, 0x6C, 0xD1, 0x7C,
    0x41, 0x68, 0xD6, 0x97, 0x31, 0x8E, 0x1D, 0x33, 0x82, 0x92, 0x21, 0xFE, 0x19, 0x11, 0xC2, 0xBA,
    0xB7, 0x66, 0x50, 0x69, 0x01, 0xFC, 0xEF, 0xFE, 0xD4, 0x9F, 0xB4, 0x3F, 0x8A, 0x7F, 0x69, 0xDF,
    0x8C, 0x5A, 0xCF, 0xC4, 0xFF, 0x00, 0x11, 0x99, 0x20, 0x82, 0x76, 0xFB, 0x36, 0x93, 0xA7, 0x97,
    0xDC, 0xBA, 0x7E, 0x9E, 0x84, 0xF9, 0x30, 0x0E, 0xD9, 0xC1, 0x2C, 0xE4, 0x7D, 0xE7, 0x77, 0x3D,
    0xF1, 0x5E, 0x49, 0x5E, 0x93, 0xFB, 0x43, 0xFC, 0x0C, 0xF1, 0x6F, 0xEC, 0xE7, 0xF1, 0x6F, 0x5D,
    0xF8, 0x53, 0xE3, 0x08, 0xCB, 0x5C, 0x69, 0x53, 0x6E, 0xB5, 0xBB, 0x54, 0x2B, 0x1D, 0xF5, 0xA3,
    0xE4, 0xC3, 0x73, 0x1F, 0xFB, 0x2E, 0xBD, 0x46, 0x4E, 0xD6, 0x0C, 0xA7, 0x95, 0x35, 0xE6, 0xDF,
    0x85, 0x30, 0x0A, 0xEC, 0x3E, 0x11, 0xFC, 0x53, 0xF1, 0x77, 0xC1, 0x5F, 0x88, 0xDA, 0x17, 0xC4,
    0xEF, 0x03, 0x5F, 0x9B, 0x5D, 0x63, 0x40, 0xBB, 0x5B, 0x98, 0x09, 0xCE, 0xC9, 0x57, 0xA4, 0x91,
    0x48, 0x07, 0xDE, 0x8E, 0x44, 0x2C, 0x8C, 0x3B, 0xAB, 0x1A, 0xE3, 0xEB, 0x7F, 0xC0, 0x1E, 0x05,
    0xF1, 0x3F, 0xC4, 0xDF, 0x1A, 0x68, 0xDE, 0x00, 0xF0, 0x66, 0x97, 0x26, 0xA1, 0xAD, 0xEB, 0xD7,
    0x91, 0xD8, 0xD9, 0x5B, 0x27, 0xF1, 0xC8, 0xE7, 0x00, 0x93, 0xFC, 0x2A, 0x06, 0x59, 0x98, 0xF0,
    0xAA, 0x09, 0x3C, 0x0A, 0x00, 0xFE, 0x90, 0xBF, 0x67, 0xDF, 0x8E, 0x1E, 0x10, 0xFD, 0xA2, 0x7E,
    0x14, 0x68, 0x5F, 0x15, 0xBC, 0x19, 0x37, 0xFA, 0x26, 0xAB, 0x0E, 0x2E, 0x2D, 0x59, 0xC3, 0x4B,
    0x63, 0x74, 0xBC, 0x4D, 0x6D, 0x26, 0x3F, 0x89, 0x1B, 0x23, 0x3F, 0xC4, 0xBB, 0x58, 0x70, 0xC2,
    0xBD, 0x18, 0xD7, 0x92, 0xFE, 0xCB, 0x9F, 0xB3, 0xD7, 0x86, 0x3F, 0x66, 0x3F, 0x83, 0x7A, 0x37,
    0xC2, 0xEF, 0x0E, 0x79, 0x73, 0xCD, 0x6E, 0xBF, 0x6A, 0xD5, 0xAF, 0xC2, 0xED, 0x6D, 0x43, 0x50,
    0x90, 0x0F, 0x3A, 0x73, 0xEC, 0x70, 0x15, 0x41, 0xFB, 0xA8, 0x88, 0x3B, 0x66, 0xBD, 0x6A, 0x90,
    0x1E, 0x4D, 0xFB, 0x50, 0x7E, 0xD0, 0xBE, 0x15, 0xFD, 0x99, 0x3E, 0x0F, 0xEB, 0x3F, 0x14, 0x3C,
    0x4C, 0xC9, 0x34, 0xD6, 0xC9, 0xF6, 0x6D, 0x2B, 0x4F, 0x2F, 0xB5, 0xF5, 0x1B, 0xF7, 0x07, 0xC9,
    0x81, 0x7B, 0xE0, 0x90, 0x59, 0x88, 0xFB, 0xA8, 0xAE, 0xDD, 0xB1, 0x5F, 0xCE, 0x9F, 0xC4, 0x4F,
    0x1F, 0xF8, 0xA7, 0xE2, 0x9F, 0x8E, 0x35, 0xAF, 0x88, 0x7E, 0x36, 0xD4, 0xDF, 0x50, 0xD6, 0xF5,
    0xFB, 0xC9, 0x2F, 0x6F, 0x6E, 0x1B, 0x80, 0xCE, 0xC7, 0xEE, 0xA8, 0xFE, 0x14, 0x51, 0x85, 0x55,
    0x1C, 0x2A, 0xAA, 0x81, 0xC0, 0xAF, 0xE8, 0x7B, 0xF6, 0xB6, 0xFD, 0x9B, 0x7C, 0x3B, 0xFB, 0x52,
    0x7C, 0x18, 0xD5, 0xBE, 0x1B, 0x6B, 0x06, 0x1B, 0x6D, 0x48, 0x0F, 0xB6, 0xE8, 0x7A, 0x8B, 0xAE,
    0x4D, 0x86, 0xA0, 0x8A, 0x7C, 0xB9, 0x3D, 0x76, 0x36, 0x4A, 0x38, 0xEE, 0x8E, 0xD8, 0xE4, 0x02,
    0x3F, 0x9D, 0x8F, 0x19, 0xF8, 0x3F, 0xC4, 0x5F, 0x0F, 0xFC, 0x57, 0xAB, 0x78, 0x27, 0xC5, 0xBA,
    0x5C, 0xDA, 0x6E, 0xB3, 0xA2, 0x5E, 0x4B, 0x63, 0x7D, 0x6B, 0x28, 0xF9, 0xA2, 0x9A, 0x36, 0x2A,
    0xC3, 0xDC, 0x71, 0x90, 0x47, 0x04, 0x10, 0x47, 0x06, 0x9A, 0x03, 0x1A, 0x8A, 0x3F, 0x0A, 0x28,
    0x00, 0xA2, 0x8A, 0x05, 0x00, 0x7F, 0x48, 0xDF, 0xB1, 0xE7, 0xFC, 0x9A, 0x97, 0xC2, 0x1F, 0xFB,
    0x12, 0xB4, 0x6F, 0xFD, 0x24, 0x8E, 0xB6, 0xFF, 0x00, 0x69, 0x2F, 0xF9, 0x37, 0x6F, 0x8A, 0x7F,
    0xF6, 0x25, 0x6B, 0x9F, 0xFA, 0x43, 0x35, 0x62, 0x7E, 0xC7, 0x87, 0xFE, 0x31, 0x4B, 0xE1, 0x0F,
    0xFD, 0x89, 0x5A, 0x3F, 0xFE, 0x92, 0xC7, 0x5B, 0x5F, 0xB4, 0x96, 0x7F, 0xE1, 0x9D, 0x7E, 0x29,
    0xFF, 0x00, 0xD8, 0x95, 0xAE, 0x7F, 0xE9, 0x0C, 0xD4, 0xBA, 0x81, 0xFC, 0xD0, 0x1F, 0xF0, 0xA4,
    0xF6, 0xA5, 0x3D, 0x7F, 0x2A, 0x4A, 0x60, 0x7D, 0xAF, 0xFF, 0x00, 0x04, 0x87, 0xF0, 0x95, 0xBF,
    0x89, 0x3F, 0x6C, 0x0B, 0x3D, 0x5A, 0xE2, 0x01, 0x27, 0xFC, 0x23, 0x1E, 0x1F, 0xD4, 0xB5, 0x58,
    0x8B, 0x0C, 0x85, 0x91, 0x95, 0x2D, 0x94, 0xFD, 0x71, 0x72, 0xD5, 0xFB, 0xA0, 0x07, 0x1C, 0x57,
    0xE2, 0xA7, 0xFC, 0x11, 0x7B, 0x51, 0xB7, 0xB5, 0xFD, 0xA8, 0x3C, 0x43, 0x65, 0x29, 0x01, 0xEF,
    0x3C, 0x15, 0x78, 0xB1, 0xFB, 0x95, 0xBB, 0xB4, 0x62, 0x3F, 0x20, 0x7F, 0x2A, 0xFD, 0xAB, 0x14,
    0x98, 0x1F, 0x93, 0x3F, 0xF0, 0x5B, 0x6F, 0x89, 0xD7, 0xF2, 0xF8, 0x8F, 0xE1, 0xEF, 0xC1, 0xDB,
    0x6B, 0x92, 0x96, 0x56, 0xD6, 0x53, 0xF8, 0x92, 0xF2, 0x20, 0x78, 0x96, 0x59, 0x1D, 0xAD, 0xE0,
    0x24, 0x7A, 0xA2, 0xC7, 0x3E, 0x3F, 0xEB, 0xA1, 0xAF, 0xCB, 0xEA, 0xFD, 0x00, 0xFF, 0x00, 0x82,
    0xD1, 0xE8, 0xF7, 0x96, 0xBF, 0xB4, 0xCF, 0x86, 0xB5, 0x89, 0x41, 0x36, 0xD7, 0xFE, 0x0C, 0xB6,
    0x8E, 0x26, 0xED, 0xBA, 0x2B, 0xCB, 0xA0, 0xE3, 0xFF, 0x00, 0x1F, 0x53, 0xF8, 0xD7, 0xE7, 0xFE,
    0x69, 0x80, 0x7E, 0x34, 0x51, 0x45, 0x00, 0x7D, 0x55, 0xFF, 0x00, 0x04, 0xC9, 0xF8, 0x9D, 0x7F,
    0xF0, 0xDB, 0xF6, 0xC1, 0xF0, 0x64, 0x30, 0xDC, 0x32, 0x58, 0xF8, 0xB1, 0xE5, 0xF0, 0xDD, 0xFC,
    0x61, 0xB0, 0x25, 0x4B, 0x84, 0xFD, 0xD0, 0xFC, 0x27, 0x48, 0x5B, 0xF0, 0xF7, 0xAF, 0xDF, 0xD1,
    0xC8, 0x04, 0x8A, 0xFE, 0x71, 0x7F, 0x62, 0x6D, 0x22, 0xEF, 0x5B, 0xFD, 0xAD, 0xBE, 0x12, 0x59,
    0x58, 0x86, 0x32, 0x27, 0x8B, 0x74, 0xEB, 0xA3, 0xB7, 0xA8, 0x8E, 0x19, 0x44, 0xB2, 0x1F, 0xC1,
    0x23, 0x63, 0x5F, 0xD1, 0xC8, 0x39, 0x00, 0x8E, 0xFC, 0xD2, 0x60, 0x7E, 0x64, 0xFF, 0x00, 0xC1,
    0x6E, 0xFC, 0x21, 0x6B, 0x71, 0xE0, 0x8F, 0x86, 0x7E, 0x3C, 0x58, 0x40, 0xB8, 0xB1, 0xD5, 0x6F,
    0xB4, 0x87, 0x90, 0x0E, 0x59, 0x27, 0x85, 0x66, 0x50, 0x7E, 0x86, 0xDD, 0xB1, 0xFE, 0xF1, 0xAF,
    0x8F, 0xFF, 0x00, 0xE0, 0x96, 0xBF, 0xF2, 0x7C, 0x1F, 0x0F, 0xBF, 0xEB, 0x9E, 0xAD, 0xFF, 0x00,
    0xA6, 0xDB, 0x9A, 0xFB, 0x9B, 0xFE, 0x0B, 0x61, 0x7B, 0x02, 0x7E, 0xCF, 0xFE, 0x08, 0xD3, 0x89,
    0x1E, 0x74, 0xFE, 0x31, 0x59, 0x94, 0x77, 0xDB, 0x1D, 0x95, 0xC0, 0x63, 0xF9, 0xC8, 0xBF, 0x9D,
    0x7C, 0x33, 0xFF, 0x00, 0x04, 0xB5, 0x20, 0x7E, 0xDB, 0xFF, 0x00, 0x0F, 0x72, 0x71, 0xF2, 0x6A,
    0xC0, 0x7F, 0xE0, 0xB6, 0xE6, 0x9A, 0x03, 0xF7, 0xD8, 0x57, 0xE4, 0xDF, 0xFC, 0x17, 0x17, 0xFE,
    0x46, 0x2F, 0x84, 0x3F, 0xF5, 0xE5, 0xAD, 0xFF, 0x00, 0xE8, 0xCB, 0x4A, 0xFD, 0x64, 0xED, 0x5F,
    0x93, 0x5F, 0xF0, 0x5C, 0x50, 0x7F, 0xE1, 0x22, 0xF8, 0x42, 0x71, 0xC7, 0xD8, 0xB5, 0xB1, 0xFF,
    0x00, 0x91, 0x2D, 0x29, 0x20, 0x3F, 0x2F, 0xA8, 0xA2, 0x8A, 0x60, 0x7D, 0x97, 0xFF, 0x00, 0x04,
    0x94, 0xFF, 0x00, 0x93, 0xCD, 0xD0, 0x3F, 0xEC, 0x0F, 0xAB, 0x7F, 0xE9, 0x31, 0xAF, 0xDD, 0xCC,
    0x57, 0xE1, 0x1F, 0xFC, 0x12, 0x54, 0x1F, 0xF8, 0x6C, 0xCD, 0x00, 0x81, 0xD3, 0x46, 0xD5, 0xB3,
    0xFF, 0x00, 0x80, 0xC6, 0xBF, 0x77, 0x29, 0x30, 0x3F, 0x1E, 0x3F, 0xE0, 0xB6, 0xA3, 0xFE, 0x2F,
    0x1F, 0xC3, 0xD3, 0xFF, 0x00, 0x52, 0xC4, 0xDF, 0xFA, 0x58, 0xF5, 0x9B, 0xFF, 0x00, 0x04, 0x58,
    0xF0, 0x85, 0xAE, 0xAB, 0xF1, 0xF3, 0xC5, 0xFE, 0x30, 0xB9, 0x88, 0x48, 0xDA, 0x0F, 0x86, 0x0C,
    0x10, 0x13, 0xFC, 0x12, 0xDC, 0xDC, 0xC6, 0xBB, 0x87, 0xBE, 0xC8, 0xA4, 0x1F, 0x46, 0x35, 0xA5,
    0xFF, 0x00, 0x05, 0xB5, 0x3F, 0xF1, 0x78, 0xFE, 0x1E, 0x8C, 0xFF, 0x00, 0xCC, 0xB1, 0x39, 0xFF,
    0x00, 0xC9, 0xC7, 0xAD, 0x1F, 0xF8, 0x22, 0x1D, 0xF4, 0x31, 0xFC, 0x42, 0xF8, 0x9F, 0xA6, 0x31,
    0x1E, 0x75, 0xC6, 0x8B, 0xA7, 0xCE, 0x83, 0xBE, 0xD8, 0xEE, 0x24, 0x56, 0xFD, 0x64, 0x5A, 0x60,
    0x7E, 0xBB, 0x57, 0xE3, 0x07, 0xFC, 0x16, 0x73, 0xE2, 0x75, 0xFF, 0x00, 0x88, 0x7E, 0x3E, 0x78,
    0x77, 0xE1, 0x8C, 0x57, 0x0F, 0xFD, 0x9B, 0xE1, 0x1D, 0x09, 0x2E, 0x9A, 0x2D, 0xDC, 0x7D, 0xB2,
    0xF1, 0xCB, 0xBB, 0x11, 0xFF, 0x00, 0x5C, 0xA3, 0x80, 0x0F, 0xC7, 0xD6, 0xBF, 0x67, 0xFA, 0x8A,
    0xFC, 0x25, 0xFF, 0x00, 0x82, 0xB7, 0x69, 0x17, 0x7A, 0x6F, 0xED, 0x97, 0xAD, 0xDE, 0xDC, 0xA3,
    0x08, 0xF5, 0x5D, 0x13, 0x49, 0xBC, 0xB7, 0xCF, 0x78, 0xC4, 0x1E, 0x49, 0x23, 0xFE, 0x07, 0x0B,
    0x8A, 0x48, 0x0F, 0x8C, 0xA8, 0xFC, 0x68, 0xFC, 0x28, 0xA6, 0x01, 0x45, 0x1F, 0x85, 0x14, 0x00,
    0x57, 0xE8, 0x97, 0xFC, 0x11, 0x3F, 0xFE, 0x4E, 0x07, 0xC6, 0xFF, 0x00, 0xF6, 0x26, 0xBF, 0xFE,
    0x97, 0x5B, 0x57, 0xE7, 0x6D, 0x7E, 0x89, 0x7F, 0xC1, 0x13, 0xBF, 0xE4, 0xE0, 0x7C, 0x6F, 0xFF,
    0x00, 0x62, 0x6B, 0xFF, 0x00, 0xE9, 0x75, 0xB5, 0x00, 0x7E, 0xCA, 0x7E, 0x15, 0xF3, 0x8F, 0xC7,
    0xCF, 0xD8, 0x13, 0xF6, 0x7F, 0xFD, 0xA4, 0xBC, 0x76, 0xBF, 0x11, 0x7E, 0x25, 0x59, 0xEB, 0xF2,
    0xEA, 0xEB, 0x63, 0x0E, 0x9C, 0x1A, 0xCB, 0x55, 0x6B, 0x78, 0xFC, 0x98, 0x8B, 0x95, 0xF9, 0x02,
    0x9E, 0x72, 0xED, 0xCD, 0x7D, 0x1D, 0x9A, 0xC6, 0xD5, 0xBC, 0x6B, 0xE1, 0x0D, 0x02, 0xEF, 0xEC,
    0x3A, 0xEF, 0x8A, 0xF4, 0x7D, 0x3A, 0xE4, 0xA0, 0x93, 0xC9, 0xBB, 0xBF, 0x8A, 0x17, 0xDA, 0x73,
    0x83, 0xB5, 0xD8, 0x1C, 0x1C, 0x1E, 0x7D, 0xA9, 0x01, 0xF2, 0x17, 0xFC, 0x3A, 0x1B, 0xF6, 0x3E,
    0x1F, 0xF3, 0x0C, 0xF1, 0x77, 0xFE, 0x0F, 0xDF, 0xFF, 0x00, 0x88, 0xA3, 0xFE, 0x1D, 0x0F, 0xFB,
    0x1F, 0x7F, 0xD0, 0x33, 0xC5, 0xDF, 0xF8, 0x3F, 0x7F, 0xFE, 0x22, 0xBE, 0xB1, 0xFF, 0x00, 0x85,
    0x9F, 0xF0, 0xDC, 0xFF, 0x00, 0xCD, 0x40, 0xF0, 0xDF, 0xFE, 0x0D, 0xAD, 0xFF, 0x00, 0xF8, 0xBA,
    0x3F, 0xE1, 0x67, 0x7C, 0x37, 0xEB, 0xFF, 0x00, 0x09, 0xFF, 0x00, 0x86, 0xFF, 0x00, 0xF0, 0x6D,
    0x6F, 0xFF, 0x00, 0xC5, 0xD0, 0x07, 0x93, 0x7E, 0xCE, 0xBF, 0xB1, 0x0F, 0xC0, 0xEF, 0xD9, 0x7B,
    0xC4, 0xBA, 0x9F, 0x8A, 0xFE, 0x16, 0xDA, 0xEB, 0x91, 0x5F, 0x6A, 0xD6, 0x23, 0x4E, 0xB8, 0xFB,
    0x7E, 0xA6, 0xD7, 0x28, 0x61, 0x12, 0x2C, 0x9C, 0x29, 0x51, 0x83, 0xB9, 0x07, 0x35, 0xEF, 0xF8,
    0xAC, 0x8D, 0x1F, 0xC5, 0xFE, 0x15, 0xF1, 0x14, 0xF2, 0x5B, 0x68, 0x1E, 0x25, 0xD2, 0xB5, 0x29,
    0xA2, 0x4F, 0x31, 0xE3, 0xB3, 0xBD, 0x8A, 0x66, 0x55, 0xCE, 0x32, 0x42, 0x31, 0x20, 0x67, 0x8C,
    0xD6, 0xB6, 0x7D, 0xE8, 0x03, 0xF0, 0xEB, 0xFE, 0x0B, 0x0B, 0xFF, 0x00, 0x27, 0x74, 0x3F, 0xEC,
    0x55, 0xD3, 0x3F, 0xF4, 0x29, 0xEB, 0xE1, 0xEE, 0xDD, 0x6B, 0xEE, 0x1F, 0xF8, 0x2C, 0x2F, 0xFC,
    0x9D, 0xD0, 0xFF, 0x00, 0xB1, 0x57, 0x4C, 0xFF, 0x00, 0xD0, 0xA7, 0xAF, 0x87, 0xA9, 0x80, 0x7E,
    0x34, 0x51, 0xF8, 0x51, 0x40, 0x05, 0x14, 0x51, 0x40, 0x05, 0x14, 0x51, 0x40, 0x05, 0x1F, 0x8D,
    0x02, 0x8F, 0xC2, 0x80, 0x0A, 0x28, 0xA2, 0x80, 0x0A, 0x3F, 0x1A, 0x28, 0xA0, 0x02, 0x94, 0x75,
    0xA4, 0xA5, 0x14, 0x00, 0x86, 0x8A, 0x0F, 0x5A, 0x28, 0x00, 0xA2, 0x8A, 0x28, 0x00, 0xFC, 0x68,
    0xA2, 0x8A, 0x00, 0x3F, 0x1A, 0x28, 0xA2, 0x80, 0x0A, 0x28, 0xA2, 0x80, 0x0A, 0x28, 0xA2, 0x80,
    0x0A, 0x28, 0xA2, 0x80, 0x0A, 0xFB, 0x6F, 0xFE, 0x09, 0x03, 0xFF, 0x00, 0x27, 0x7D, 0x6F, 0xFF,
    0x00, 0x62, 0xD6, 0xA9, 0xFC, 0xA2, 0xAF, 0x89, 0x2B, 0xED, 0xAF, 0xF8, 0x24, 0x1B, 0x6D, 0xFD,
    0xAF, 0xAD, 0xFD, 0xFC, 0x35, 0xAA, 0x7F, 0x28, 0xA8, 0x03, 0xF7, 0x33, 0xBD, 0x41, 0x71, 0x7F,
    0x63, 0x66, 0xC1, 0x2E, 0xEF, 0x20, 0x85, 0x98, 0x64, 0x09, 0x24, 0x55, 0x24, 0x7E, 0x26, 0xA5,
    0x32, 0x2F, 0xAD, 0x7E, 0x3E, 0x7F, 0xC1, 0x6C, 0x9C, 0xFF, 0x00, 0xC2, 0xE1, 0xF8, 0x7A, 0x55,
    0x88, 0xFF, 0x00, 0x8A, 0x62, 0x7E, 0x87, 0xFE, 0x9F, 0x1E, 0x90, 0x1F, 0xAF, 0x3F, 0xDB, 0x5A,
    0x3F, 0xFD, 0x05, 0x6C, 0xFF, 0x00, 0xEF, 0xFA, 0x7F, 0x8D, 0x66, 0x6B, 0x3F, 0x10, 0x7C, 0x07,
    0xE1, 0xDB, 0x76, 0xBB, 0xF1, 0x07, 0x8D, 0x74, 0x1D, 0x32, 0x04, 0x19, 0x69, 0x6F, 0x35, 0x28,
    0x21, 0x45, 0xFA, 0x97, 0x60, 0x05, 0x7F, 0x2F, 0x5E, 0x64, 0x9F, 0xDF, 0x6F, 0xCC, 0xD2, 0x6E,
    0x39, 0xED, 0xF8, 0x8C, 0xD3, 0xB0, 0x1F, 0xBD, 0x1F, 0x1C, 0xFF, 0x00, 0xE0, 0xA8, 0xBF, 0xB2,
    0xDF, 0xC2, 0x1D, 0x3E, 0xE6, 0x0F, 0x0E, 0xF8, 0xA9, 0x7E, 0x20, 0x6B, 0xF1, 0x82, 0x21, 0xD3,
    0xBC, 0x3C, 0xC2, 0x58, 0x0B, 0xF6, 0xF3, 0x2F, 0x08, 0xF2, 0x55, 0x73, 0xD4, 0xA9, 0x76, 0xFF,
    0x00, 0x64, 0xD7, 0xE3, 0x9F, 0xED, 0x31, 0xFB, 0x4F, 0x7C, 0x4C, 0xFD, 0xA9, 0xBC, 0x7E, 0xFE,
    0x37, 0xF8, 0x85, 0x7C, 0x89, 0x0D, 0xBA, 0xB4, 0x1A, 0x56, 0x93, 0x6A, 0x58, 0x5A, 0x69, 0xB6,
    0xE4, 0xE7, 0xCB, 0x8D, 0x49, 0xC9, 0x63, 0x80, 0x5E, 0x43, 0xF3, 0x39, 0x03, 0x38, 0x01, 0x54,
    0x79, 0x16, 0x49, 0xEA, 0x68, 0xA0, 0x0B, 0x1A, 0x7D, 0x85, 0xE6, 0xA9, 0x7D, 0x6F, 0xA6, 0xE9,
    0xF6, 0xB2, 0x5C, 0xDD, 0x5D, 0x4A, 0x90, 0x41, 0x0C, 0x6A, 0x59, 0xE4, 0x91, 0x88, 0x55, 0x50,
    0x3B, 0x92, 0x48, 0x03, 0xEB, 0x5F, 0xD2, 0x47, 0xEC, 0xB3, 0xF0, 0x56, 0xCF, 0xF6, 0x7C, 0xF8,
    0x09, 0xE0, 0xFF, 0x00, 0x85, 0x70, 0x24, 0x7F, 0x6B, 0xD2, 0x74, 0xF5, 0x7D, 0x4A, 0x54, 0xC6,
    0x26, 0xBF, 0x94, 0xF9, 0x97, 0x2F, 0x9E, 0xE3, 0xCD, 0x66, 0x03, 0x3F, 0xC2, 0xAA, 0x3B, 0x57,
    0xE3, 0xCF, 0xFC, 0x12, 0xB7, 0xE0, 0x4A, 0x7C, 0x5C, 0xFD, 0xA6, 0x6C, 0x7C, 0x59, 0xAC, 0x5A,
    0x89, 0x34, 0x1F, 0x87, 0x51, 0x2E, 0xBF, 0x72, 0x5C, 0x65, 0x1E, 0xF3, 0x76, 0xDB, 0x28, 0xCF,
    0xA1, 0xF3, 0x73, 0x2F, 0xD2, 0x03, 0x5F, 0xBA, 0xA6, 0xFA, 0xC5, 0x66, 0x8E, 0xD9, 0xAE, 0xE1,
    0x13, 0x4B, 0x9F, 0x2D, 0x0B, 0x80, 0xCF, 0x8E, 0xB8, 0x1D, 0xE8, 0x02, 0x7F, 0xF1, 0xAE, 0x12,
    0x6F, 0x80, 0x9F, 0x02, 0xE7, 0x95, 0xE7, 0x9B, 0xE0, 0xC7, 0x81, 0x24, 0x92, 0x46, 0x2E, 0xCE,
    0xFE, 0x1C, 0xB3, 0x2C, 0xCC, 0x4E, 0x49, 0x24, 0xC7, 0xC9, 0xCD, 0x78, 0x07, 0xED, 0x59, 0xFF,
    0x00, 0x05, 0x21, 0xF8, 0x61, 0xFB, 0x2B, 0x7C, 0x46, 0xB7, 0xF8, 0x65, 0xAC, 0xF8, 0x3F, 0x5B,
    0xF1, 0x1E, 0xA8, 0xFA, 0x6C, 0x5A, 0x8D, 0xD3, 0x69, 0xB3, 0xC0, 0x89, 0x6A, 0x25, 0x66, 0x11,
    0xC6, 0xFE, 0x61, 0xCE, 0xF2, 0xA9, 0xBF, 0x03, 0xF8, 0x59, 0x7D, 0x6B, 0xC5, 0xFF, 0x00, 0xE1,
    0xF6, 0xBF, 0x08, 0x7F, 0xE8, 0x8C, 0xF8, 0xC7, 0xFF, 0x00, 0x03, 0x2D, 0x3F, 0xC6, 0x80, 0x3E,
    0xE5, 0xFF, 0x00, 0x85, 0x01, 0xF0, 0x1C, 0x7F, 0xCD, 0x14, 0xF0, 0x17, 0xFE, 0x13, 0x76, 0x5F,
    0xFC, 0x6E, 0xBA, 0xAF, 0x0D, 0xF8, 0x57, 0xC2, 0xFE, 0x0E, 0xD3, 0xFF, 0x00, 0xB1, 0xFC, 0x25,
    0xE1, 0xBD, 0x2F, 0x44, 0xB1, 0xF3, 0x1A, 0x5F, 0xB2, 0xE9, 0xD6, 0x71, 0xDB, 0x45, 0xBD, 0xB1,
    0xB9, 0xB6, 0x46, 0x02, 0xE4, 0xE0, 0x64, 0xE3, 0x27, 0x02, 0xBF, 0x3C, 0x3F, 0xE1, 0xF6, 0xBF,
    0x08, 0x7F, 0xE8, 0x8C, 0xF8, 0xC7, 0xFF, 0x00, 0x03, 0x2D, 0x3F, 0xC6, 0xAC, 0xE9, 0xFF, 0x00,
    0xF0, 0x5A, 0xEF, 0x82, 0xF7, 0x57, 0xF6, 0xD6, 0xF7, 0x9F, 0x09, 0xBC, 0x61, 0x69, 0x04, 0xB3,
    0x22, 0x4B, 0x70, 0xD7, 0x36, 0xAE, 0x21, 0x42, 0xC0, 0x33, 0x95, 0x0D, 0x93, 0x81, 0x93, 0x81,
    0xC9, 0xC5, 0x00, 0x7E, 0x8D, 0x11, 0xDB, 0xD6, 0xBF, 0x06, 0x7F, 0xE0, 0xA9, 0x3F, 0x01, 0xBF,
    0xE1, 0x4D, 0x7E, 0xD3, 0xDA, 0xA6, 0xBF, 0xA5, 0xD9, 0x08, 0x74, 0x0F, 0x88, 0x08, 0x7C, 0x43,
    0x64, 0x51, 0x70, 0x89, 0x72, 0xED, 0x8B, 0xC8, 0x87, 0xB8, 0x9B, 0x32, 0x63, 0xB2, 0xCC, 0xB5,
    0xFB, 0xA7, 0x79, 0xAF, 0xD9, 0x5B, 0xE8, 0xAB, 0xAE, 0xDB, 0x3A, 0x5D, 0xDB, 0x48, 0x89, 0x2C,
    0x4F, 0x13, 0x82, 0xB2, 0x23, 0xE3, 0x6B, 0x03, 0xD0, 0x82, 0x08, 0x35, 0xF1, 0xC7, 0xFC, 0x15,
    0x0B, 0xE1, 0x15, 0xA7, 0xC7, 0x0F, 0xD9, 0x92, 0xF7, 0xC4, 0xFA, 0x4D, 0x98, 0x7F, 0x10, 0x7C,
    0x3F, 0x73, 0xE2, 0x0B, 0x3C, 0x72, 0xEF, 0x69, 0xB4, 0x2D, 0xE4, 0x40, 0xE3, 0xA7, 0x95, 0x89,
    0x71, 0xDC, 0xC0, 0x29, 0x01, 0xF8, 0x65, 0x47, 0xB5, 0x04, 0x60, 0xE2, 0xBD, 0x47, 0xF6, 0x6A,
    0xF8, 0x0D, 0xE2, 0x3F, 0xDA, 0x3F, 0xE2, 0xF6, 0x8B, 0xF0, 0xC7, 0xC3, 0xEC, 0xD6, 0xF1, 0x5D,
    0xC9, 0xE7, 0xEA, 0x77, 0xFB, 0x37, 0x26, 0x9F, 0x61, 0x19, 0x06, 0x6B, 0x86, 0xFA, 0x03, 0x85,
    0x1F, 0xC4, 0xEC, 0x8B, 0xDE, 0x98, 0x1F, 0x64, 0x7F, 0xC1, 0x25, 0xFF, 0x00, 0x63, 0xEF, 0xF8,
    0x58, 0x3E, 0x30, 0xFF, 0x00, 0x86, 0x90, 0xF1, 0xF6, 0x97, 0xBF, 0xC3, 0xBE, 0x16, 0xBA, 0x31,
    0xF8, 0x7A, 0x09, 0x93, 0xE5, 0xBE, 0xD5, 0x13, 0x93, 0x3E, 0x0F, 0x58, 0xED, 0xF8, 0x20, 0xF4,
    0x32, 0x95, 0xE7, 0xF7, 0x6C, 0x2B, 0xF6, 0x38, 0x7A, 0x57, 0x15, 0xF0, 0xBB, 0xC3, 0xDE, 0x0D,
    0xF8, 0x75, 0xE1, 0x3D, 0x17, 0xE1, 0x8F, 0x81, 0xB4, 0xA5, 0xD3, 0xF4, 0x6D, 0x02, 0xCA, 0x3B,
    0x3B, 0x28, 0x54, 0xE7, 0x11, 0xA8, 0xEA, 0xC7, 0x1F, 0x33, 0xB1, 0xCB, 0x33, 0x1E, 0x59, 0x99,
    0x89, 0xE4, 0xD5, 0x7F, 0x8E, 0x3F, 0x19, 0x7C, 0x21, 0xF0, 0x0B, 0xE1, 0x6E, 0xBF, 0xF1, 0x53,
    0xC6, 0xB7, 0x3B, 0x34, 0xED, 0x0E, 0xD8, 0xC8, 0x21, 0x56, 0x02, 0x5B, 0xB9, 0xDB, 0xE5, 0x8A,
    0xDE, 0x3C, 0xF5, 0x79, 0x1C, 0xAA, 0x8F, 0x4C, 0x92, 0x78, 0x04, 0xD2, 0x03, 0x8B, 0xF8, 0xC1,
    0xFB, 0x60, 0x7C, 0x24, 0xF8, 0x29, 0xF1, 0x87, 0xC0, 0x5F, 0x06, 0x3C, 0x61, 0xA9, 0x79, 0x7A,
    0xBF, 0x8E, 0x66, 0x64, 0xF3, 0x43, 0xA8, 0x8B, 0x4C, 0x8D, 0xB2, 0x90, 0x4B, 0x71, 0x9F, 0xBA,
    0xB2, 0xCC, 0x3C, 0xB5, 0x3D, 0xB0, 0xCC, 0x70, 0xAB, 0x5E, 0xE0, 0x08, 0xEB, 0x5F, 0xCC, 0x7F,
    0xC6, 0x4F, 0x8B, 0x9E, 0x2F, 0xF8, 0xE3, 0xF1, 0x37, 0x5E, 0xF8, 0xA9, 0xE3, 0x6B, 0xCF, 0x3F,
    0x56, 0xD7, 0x6E, 0xDA, 0xE1, 0xD5, 0x49, 0xF2, 0xE0, 0x8C, 0x7C, 0xB1, 0xC1, 0x1E, 0x7A, 0x47,
    0x1A, 0x05, 0x45, 0x1E, 0x8B, 0xEB, 0x93, 0x5F, 0xB4, 0x5F, 0xF0, 0x4D, 0x2F, 0xDB, 0x02, 0x2F,
    0xDA, 0x07, 0xE0, 0xEF, 0xFC, 0x22, 0x1E, 0x35, 0xD5, 0x7C, 0xDF, 0x1D, 0x78, 0x16, 0x18, 0xAD,
    0x75, 0x07, 0x91, 0xB3, 0x26, 0xA1, 0x63, 0xF7, 0x60, 0xBC, 0xF5, 0x66, 0xE3, 0xCB, 0x90, 0xF3,
    0xF3, 0xA8, 0x63, 0xFE, 0xB0, 0x50, 0x04, 0xBF, 0xF0, 0x52, 0xEF, 0xD9, 0x08, 0x7E, 0xD1, 0xDF,
    0x09, 0x4F, 0x8C, 0x7C, 0x1B, 0xA5, 0x89, 0xBC, 0x7D, 0xE0, 0x98, 0x64, 0xB9, 0xD3, 0xD6, 0x24,
    0xFD, 0xE6, 0xA3, 0x65, 0xF7, 0xA7, 0xB3, 0xE3, 0x96, 0x6E, 0x3C, 0xC8, 0xC7, 0x3F, 0x38, 0x2A,
    0x31, 0xE6, 0x13, 0x5F, 0x84, 0x6E, 0xAC, 0x8C, 0x51, 0x81, 0x04, 0x1C, 0x10, 0x78, 0xAF, 0xEA,
    0x7A, 0xCE, 0xFA, 0xCF, 0x51, 0x89, 0xA5, 0xB4, 0x98, 0x48, 0xA1, 0x8A, 0xB6, 0x3A, 0x82, 0x3B,
    0x1F, 0x4A, 0xFC, 0x5B, 0xFF, 0x00, 0x82, 0xAC, 0x7E, 0xC7, 0xFF, 0x00, 0xF0, 0xA8, 0x3E, 0x22,
    0x7F, 0xC2, 0xF3, 0xF0, 0x2E, 0x97, 0xE5, 0xF8, 0x3F, 0xC6, 0xD7, 0x6C, 0x75, 0x08, 0x61, 0x4C,
    0x47, 0xA6, 0xEA, 0xCD, 0x96, 0x71, 0x81, 0xF7, 0x63, 0x9F, 0x0D, 0x22, 0xF6, 0x0E, 0x24, 0x5E,
    0x06, 0xD1, 0x4D, 0x01, 0xF0, 0x2E, 0x09, 0x38, 0xAF, 0xD8, 0x6F, 0xF8, 0x24, 0x97, 0xEC, 0x81,
    0xFF, 0x00, 0x08, 0x3F, 0x85, 0x3F, 0xE1, 0xA5, 0xBC, 0x7B, 0xA5, 0xED, 0xD7, 0xBC, 0x4B, 0x6C,
    0x62, 0xF0, 0xD4, 0x13, 0x27, 0xCD, 0x67, 0xA6, 0x3F, 0xDE, 0xB9, 0xC1, 0xE8, 0xF3, 0xF4, 0x53,
    0xD4, 0x44, 0x32, 0x0E, 0x25, 0x22, 0xBE, 0x1F, 0xFF, 0x00, 0x82, 0x7B, 0x7E, 0xC9, 0x37, 0x3F,
    0xB5, 0x1F, 0xC6, 0x48, 0x7F, 0xE1, 0x20, 0xB3, 0x93, 0xFE, 0x10, 0x5F, 0x0A, 0x34, 0x77, 0xFE,
    0x21, 0x9B, 0x04, 0x2D, 0xC7, 0x24, 0xC3, 0x64, 0xA7, 0xFB, 0xD2, 0x95, 0x39, 0xC7, 0x22, 0x35,
    0x90, 0xE4, 0x1D, 0xB9, 0xFD, 0xFB, 0xB5, 0xB6, 0xB6, 0xB1, 0xB6, 0x8A, 0xCE, 0xCE, 0xDE, 0x28,
    0x20, 0x81, 0x16, 0x38, 0xA2, 0x89, 0x02, 0xA2, 0x22, 0x8C, 0x2A, 0xAA, 0x8E, 0x00, 0x00, 0x00,
    0x00, 0xE8, 0x05, 0x26, 0x04, 0xB9, 0xEE, 0x78, 0xAF, 0x0A, 0x87, 0xF6, 0xC6, 0xF8, 0x49, 0x71,
    0xFB, 0x51, 0xCB, 0xFB, 0x2A, 0x47, 0xA8, 0x67, 0xC4, 0x71, 0x69, 0x9F, 0x6A, 0xFB, 0x5F, 0x98,
    0xBF, 0x67, 0x6B, 0xD0, 0x37, 0xB6, 0x9E, 0x3B, 0xF9, 0xE2, 0x1F, 0xDE, 0x9E, 0xDD, 0x57, 0xEF,
    0x0C, 0x56, 0x7F, 0xED, 0xBD, 0xFB, 0x53, 0xE9, 0x5F, 0xB2, 0xAF, 0xC1, 0x5B, 0xEF, 0x16, 0xC5,
    0x24, 0x13, 0x78, 0xAB, 0x57, 0xDF, 0xA7, 0x78, 0x6A, 0xCA, 0x4C, 0x1F, 0x36, 0xF0, 0xAE, 0x4C,
    0xCC, 0xBD, 0xE2, 0x85, 0x4E, 0xF6, 0xEC, 0x4E, 0xC4, 0xC8, 0x2E, 0x2B, 0xF9, 0xFA, 0xB7, 0xF1,
    0xD7, 0x8B, 0xAD, 0x7C, 0x6C, 0x9F, 0x11, 0xA0, 0xF1, 0x15, 0xF2, 0xF8, 0x9A, 0x3D, 0x4B, 0xFB,
    0x61, 0x75, 0x5F, 0x34, 0x9B, 0x8F, 0xB6, 0xF9, 0x9E, 0x6F, 0x9F, 0xB8, 0xF5, 0x7D, 0xFF, 0x00,
    0x36, 0x7D, 0x68, 0x40, 0x7F, 0x51, 0x55, 0xF9, 0x9D, 0xFF, 0x00, 0x05, 0x72, 0xFD, 0x8F, 0x87,
    0x89, 0xB4, 0x23, 0xFB, 0x50, 0xF8, 0x07, 0x4B, 0xCE, 0xAB, 0xA2, 0xC0, 0x96, 0xFE, 0x2C, 0xB7,
    0x85, 0x39, 0xB9, 0xB1, 0x5F, 0x96, 0x3B, 0xCC, 0x0E, 0xAD, 0x0F, 0x08, 0xE7, 0xFE, 0x79, 0xED,
    0x3C, 0x08, 0x8E, 0x7E, 0xB9, 0xFD, 0x8D, 0x3F, 0x69, 0xFD, 0x0F, 0xF6, 0xA6, 0xF8, 0x29, 0xA5,
    0xF8, 0xF2, 0x17, 0xB7, 0xB7, 0xD7, 0xED, 0x31, 0xA7, 0x78, 0x8A, 0xC1, 0x0E, 0x3E, 0xCD, 0x7E,
    0x8A, 0x37, 0x15, 0x5E, 0xA2, 0x39, 0x07, 0xEF, 0x13, 0xAF, 0x0C, 0x57, 0x39, 0x56, 0xAF, 0x6F,
    0xD4, 0x2C, 0xEC, 0xB5, 0x3B, 0x1B, 0x8D, 0x37, 0x52, 0xB5, 0x86, 0xEA, 0xD2, 0xEA, 0x27, 0x82,
    0x78, 0x26, 0x40, 0xF1, 0xCB, 0x1B, 0x02, 0xAC, 0x8C, 0xA7, 0x82, 0xA4, 0x12, 0x08, 0x3D, 0x41,
    0xA0, 0x0F, 0xE5, 0x87, 0x18, 0xE0, 0xD1, 0x5F, 0x4D, 0x7E, 0xDF, 0x5F, 0xB2, 0x75, 0xE7, 0xEC,
    0xB1, 0xF1, 0x9E, 0xE2, 0xC3, 0x47, 0xB6, 0x99, 0xBC, 0x13, 0xE2, 0x53, 0x26, 0xA3, 0xE1, 0xBB,
    0x96, 0xCB, 0x04, 0x8B, 0x77, 0xEF, 0x2D, 0x19, 0x8F, 0x57, 0x85, 0x98, 0x2F, 0x3C, 0x94, 0x68,
    0xD8, 0xF2, 0x4E, 0x3E, 0x65, 0xFC, 0x29, 0x80, 0x50, 0x28, 0xA0, 0x50, 0x07, 0xF4, 0x8D, 0xFB,
    0x1D, 0xFF, 0x00, 0xC9, 0xA9, 0x7C, 0x21, 0xFF, 0x00, 0xB1, 0x2B, 0x47, 0xFF, 0x00, 0xD2, 0x58,
    0xEB, 0x6F, 0xF6, 0x92, 0xE3, 0xF6, 0x75, 0xF8, 0xA5, 0xFF, 0x00, 0x62, 0x56, 0xB9, 0xFF, 0x00,
    0xA4, 0x33, 0x56, 0x17, 0xEC, 0x76, 0xE0, 0x7E, 0xCA, 0x5F, 0x08, 0x7A, 0x7F, 0xC8, 0x95, 0xA3,
    0xFF, 0x00, 0xE9, 0x2A, 0x56, 0xDF, 0xED, 0x22, 0xE0, 0xFE, 0xCE, 0xDF, 0x14, 0xF9, 0x1F, 0xF2,
    0x25, 0x6B, 0x9F, 0xFA, 0x43, 0x35, 0x2E, 0xA0, 0x7F, 0x34, 0x27, 0xA8, 0xFA, 0x52, 0x52, 0x9A,
    0x4A, 0x60, 0x7D, 0x1F, 0xFF, 0x00, 0x04, 0xF1, 0xF8, 0xA3, 0x6D, 0xF0, 0x9B, 0xF6, 0xBA, 0xF0,
    0x0E, 0xB9, 0xA9, 0x5C, 0x2C, 0x3A, 0x6E, 0xA9, 0x78, 0xFA, 0x0D, 0xEB, 0xB9, 0xC2, 0x84, 0xBC,
    0x43, 0x0A, 0x33, 0x1E, 0xC1, 0x65, 0x68, 0x98, 0x9F, 0x45, 0xAF, 0xE8, 0x5D, 0x7A, 0x57, 0xF2,
    0xB7, 0x14, 0x8F, 0x0C, 0x8B, 0x2C, 0x4E, 0xC8, 0xE8, 0x43, 0x2B, 0x29, 0xC1, 0x04, 0x74, 0x20,
    0xF6, 0x35, 0xFD, 0x04, 0xFE, 0xC0, 0x7F, 0xB5, 0x6E, 0x9D, 0xFB, 0x4F, 0x7C, 0x12, 0xB0, 0xBC,
    0xD4, 0xEF, 0xE3, 0x6F, 0x1A, 0xF8, 0x66, 0x28, 0xB4, 0xDF, 0x12, 0xDB, 0x96, 0xFD, 0xE3, 0xCC,
    0xAB, 0x88, 0xEE, 0xC0, 0xFE, 0xE4, 0xCA, 0xBB, 0xB3, 0xD0, 0x38, 0x91, 0x7F, 0x87, 0x94, 0x07,
    0x94, 0x7F, 0xC1, 0x5C, 0xFF, 0x00, 0x67, 0x3D, 0x4B, 0xE2, 0xC7, 0xC1, 0x4D, 0x3F, 0xE2, 0x9F,
    0x85, 0x74, 0xF7, 0xBB, 0xD6, 0xBE, 0x1C, 0xC9, 0x3D, 0xCD, 0xD4, 0x31, 0x26, 0x5E, 0x5D, 0x2A,
    0x60, 0xBF, 0x68, 0x60, 0x07, 0x24, 0xC4, 0xD1, 0xC7, 0x2F, 0xB2, 0x09, 0x4D, 0x7E, 0x25, 0x91,
    0x83, 0x8A, 0xFE, 0xA3, 0xFC, 0x45, 0xAB, 0xDB, 0x69, 0xB6, 0xB9, 0xBB, 0x31, 0x79, 0x0E, 0x8C,
    0x24, 0xF3, 0x00, 0x2A, 0x57, 0xBE, 0x73, 0xDB, 0x9A, 0xFC, 0x96, 0xFD, 0xAB, 0x3F, 0xE0, 0x9E,
    0x5E, 0x07, 0xF1, 0x27, 0x89, 0x6F, 0x7C, 0x65, 0xFB, 0x3A, 0x6B, 0x56, 0x3A, 0x07, 0xDB, 0x24,
    0x69, 0xAE, 0x3C, 0x39, 0xA8, 0xB1, 0x4B, 0x31, 0x21, 0x39, 0x63, 0x69, 0x2A, 0x82, 0x62, 0x42,
    0x72, 0x44, 0x4E, 0x0A, 0x8C, 0xFC, 0xAC, 0xA3, 0x0A, 0x1A, 0x4D, 0x8A, 0xE7, 0xE6, 0xCD, 0x15,
    0xEF, 0x29, 0xFB, 0x0E, 0x7E, 0xD3, 0x53, 0xEA, 0x83, 0x4B, 0xB2, 0xF8, 0x77, 0x1D, 0xD3, 0xB3,
    0x6D, 0x59, 0x22, 0xD5, 0xEC, 0xBC, 0xB6, 0xFF, 0x00, 0x81, 0x34, 0xA2, 0xBE, 0x85, 0xF8, 0x31,
    0xFF, 0x00, 0x04, 0xA6, 0xF1, 0x9D, 0xC4, 0xC9, 0xE2, 0x8F, 0xDA, 0x07, 0xC5, 0x5A, 0x6F, 0x87,
    0xB4, 0x2B, 0x42, 0xB2, 0xCD, 0xA5, 0xE9, 0x57, 0x4B, 0x75, 0x7D, 0x70, 0x33, 0xF7, 0x1A, 0x60,
    0x3C, 0x98, 0x01, 0xCF, 0xDE, 0x05, 0xDB, 0xD0, 0x77, 0xA7, 0x60, 0xBA, 0x3A, 0x9F, 0xF8, 0x23,
    0x8F, 0xEC, 0xDF, 0xA9, 0xEB, 0xDF, 0x10, 0x75, 0x2F, 0xDA, 0x3F, 0xC4, 0x1A, 0x7B, 0xC7, 0xA3,
    0xF8, 0x6A, 0x19, 0xB4, 0xBD, 0x0A, 0x49, 0x13, 0x02, 0xE3, 0x50, 0x99, 0x36, 0xCD, 0x22, 0x67,
    0xAA, 0xC5, 0x0B, 0x32, 0x93, 0xD3, 0x74, 0xC0, 0x03, 0x95, 0x38, 0xFD, 0x80, 0xF6, 0xC5, 0x72,
    0x3E, 0x08, 0xF0, 0xFF, 0x00, 0x84, 0x7E, 0x1B, 0x78, 0x1F, 0x42, 0xF0, 0x7F, 0x81, 0xF4, 0x3B,
    0x4D, 0x2B, 0x42, 0xD3, 0xAC, 0x63, 0x86, 0xC6, 0xCE, 0xD8, 0x62, 0x38, 0xE3, 0xC6, 0x78, 0x3D,
    0x58, 0x92, 0x4B, 0x16, 0x24, 0x96, 0x24, 0x92, 0x49, 0x24, 0xD4, 0x3F, 0x15, 0xBE, 0x2D, 0xF8,
    0x33, 0xE0, 0xD7, 0xC3, 0x8D, 0x6F, 0xE2, 0x7F, 0x8E, 0xB5, 0x25, 0xB3, 0xD1, 0xF4, 0x3B, 0x43,
    0x73, 0x39, 0x04, 0x6F, 0x95, 0xBA, 0x24, 0x31, 0x83, 0xF7, 0xA4, 0x91, 0xCA, 0xA2, 0xAF, 0x76,
    0x61, 0xEE, 0x6A, 0x58, 0xCF, 0xCB, 0x8F, 0xF8, 0x2D, 0x77, 0xC5, 0x1B, 0x6D, 0x5F, 0xE2, 0x27,
    0x80, 0xFE, 0x12, 0x58, 0x5C, 0xAB, 0x9F, 0x0E, 0xE9, 0xB7, 0x1A, 0xC5, 0xFA, 0xAF, 0x3B, 0x66,
    0xBB, 0x65, 0x48, 0x95, 0xBD, 0x18, 0x47, 0x01, 0x6C, 0x7A, 0x4A, 0x3D, 0x6B, 0xE5, 0xDF, 0xF8,
    0x27, 0x97, 0x89, 0x20, 0xF0, 0xAF, 0xED, 0x9D, 0xF0, 0xB3, 0x52, 0xB8, 0x98, 0x47, 0x1C, 0xFA,
    0xC3, 0x69, 0xA4, 0x93, 0x80, 0x4D, 0xD5, 0xBC, 0xB6, 0xEA, 0x3F, 0xEF, 0xA9, 0x56, 0xBC, 0xB7,
    0xE3, 0x7F, 0xC5, 0xAF, 0x11, 0x7C, 0x74, 0xF8, 0xAD, 0xE2, 0x6F, 0x8A, 0xFE, 0x29, 0x6C, 0x6A,
    0x1E, 0x23, 0xBE, 0x7B, 0xA3, 0x10, 0x62, 0xCB, 0x6F, 0x17, 0x0B, 0x14, 0x0A, 0x4F, 0x55, 0x8E,
    0x35, 0x44, 0x1E, 0xCB, 0x5C, 0xCF, 0x86, 0xF5, 0xED, 0x4F, 0xC2, 0x9E, 0x21, 0xD3, 0x3C, 0x4F,
    0xA2, 0x5C, 0x7D, 0x9F, 0x51, 0xD2, 0x2F, 0x21, 0xBF, 0xB4, 0x94, 0x7F, 0xCB, 0x39, 0xA2, 0x70,
    0xE8, 0xDF, 0x83, 0x28, 0xA6, 0x07, 0xF5, 0x28, 0xB9, 0xC0, 0xAF, 0xCD, 0xDF, 0xF8, 0x2D, 0x7F,
    0xC3, 0xCB, 0xED, 0x67, 0xE1, 0x67, 0x80, 0xBE, 0x25, 0x59, 0xDA, 0xB4, 0x91, 0x78, 0x6B, 0x58,
    0xB9, 0xD3, 0x6E, 0xD9, 0x46, 0x7C, 0xB8, 0xEF, 0x23, 0x42, 0x8E, 0xDE, 0x8B, 0xE6, 0x5B, 0x05,
    0xCF, 0xAB, 0x8F, 0x5A, 0xFB, 0x7F, 0xE0, 0xDF, 0xC6, 0x8F, 0x0C, 0xFC, 0x65, 0xF8, 0x3B, 0xE1,
    0xBF, 0x8B, 0xDE, 0x1E, 0xB8, 0x8B, 0xEC, 0x7A, 0xFD, 0x82, 0x5C, 0x98, 0x83, 0x64, 0xC1, 0x73,
    0x8D, 0xB3, 0x5B, 0xB7, 0xFB, 0x51, 0xCA, 0xAE, 0x87, 0xFD, 0xDA, 0x8F, 0xE3, 0x87, 0x86, 0xFC,
    0x1F, 0xF1, 0x23, 0xE0, 0xF6, 0xBB, 0xE1, 0x1F, 0x1D, 0xE9, 0xB1, 0xDF, 0x68, 0x5A, 0xE5, 0xAA,
    0xDA, 0xDE, 0x42, 0x4E, 0x08, 0x56, 0x60, 0x43, 0xA3, 0x7F, 0x0B, 0xA3, 0x05, 0x75, 0x6E, 0xCC,
    0xA0, 0xF6, 0xA4, 0x90, 0x5E, 0xC7, 0xF3, 0x41, 0x45, 0x7D, 0x65, 0xF1, 0x6B, 0xFE, 0x09, 0xDF,
    0xF1, 0x4F, 0xC2, 0x7A, 0xED, 0xD7, 0xFC, 0x2B, 0x5D, 0x4B, 0x4D, 0xF1, 0x96, 0x8A, 0xD2, 0x13,
    0x6C, 0xDF, 0x6A, 0x8E, 0xD2, 0xF5, 0x13, 0x3C, 0x2C, 0xB1, 0x4A, 0x42, 0x96, 0x03, 0x8C, 0xA3,
    0x10, 0x7A, 0xE0, 0x74, 0xAE, 0x7B, 0xC0, 0xDF, 0xB0, 0x2F, 0xC7, 0xCF, 0x14, 0x6A, 0xF0, 0x59,
    0x78, 0x83, 0x4F, 0xD2, 0xBC, 0x29, 0x64, 0xF2, 0x2A, 0xCB, 0x7B, 0xA9, 0x6A, 0x11, 0xC8, 0x11,
    0x73, 0xC9, 0x58, 0xE0, 0x2E, 0xEE, 0x7D, 0x06, 0x07, 0xD4, 0x55, 0x59, 0x8A, 0xE8, 0xF7, 0x6F,
    0xF8, 0x23, 0x0F, 0xC3, 0xDB, 0xFD, 0x77, 0xF6, 0x81, 0xF1, 0x27, 0xC4, 0x26, 0x81, 0xBF, 0xB3,
    0xBC, 0x2F, 0xE1, 0xD9, 0x2D, 0x8C, 0xBB, 0x78, 0x17, 0x57, 0x72, 0xA2, 0xC6, 0xB9, 0xF7, 0x8E,
    0x29, 0xCF, 0xE1, 0x5F, 0xB4, 0x15, 0xE0, 0xBF, 0xB1, 0xAF, 0xC0, 0x4F, 0x87, 0xFF, 0x00, 0xB3,
    0xAF, 0xC2, 0xA1, 0xE0, 0x2F, 0x03, 0x49, 0x25, 0xEC, 0xA6, 0xE3, 0xED, 0x5A, 0xB6, 0xAB, 0x3C,
    0x61, 0x26, 0xD4, 0x2E, 0xD9, 0x00, 0x32, 0x30, 0x1C, 0x22, 0x00, 0x02, 0xA2, 0x02, 0x42, 0xA8,
    0xEA, 0x49, 0x62, 0x7D, 0xBF, 0x58, 0xD5, 0xB4, 0xDD, 0x07, 0x4A, 0xBC, 0xD6, 0xF5, 0x9B, 0xD8,
    0x6C, 0xAC, 0x34, 0xFB, 0x79, 0x2E, 0xAE, 0xAE, 0x66, 0x60, 0xB1, 0xC3, 0x0C, 0x6A, 0x59, 0xE4,
    0x62, 0x7A, 0x05, 0x50, 0x49, 0x3E, 0x82, 0xA4, 0x67, 0xE2, 0xFF, 0x00, 0xFC, 0x16, 0x77, 0xC4,
    0xF0, 0x6A, 0xDF, 0xB4, 0xD6, 0x81, 0xE1, 0xFB, 0x77, 0x0D, 0xFD, 0x87, 0xE1, 0x1B, 0x64, 0x9B,
    0x07, 0xEE, 0xCB, 0x35, 0xCD, 0xC4, 0xB8, 0x3F, 0xF0, 0x03, 0x19, 0xFC, 0x45, 0x71, 0x5F, 0xF0,
    0x4A, 0x2F, 0x89, 0xF6, 0xFF, 0x00, 0x0E, 0xFF, 0x00, 0x6B, 0xAD, 0x1F, 0x4A, 0xBF, 0xBA, 0x10,
    0xD9, 0xF8, 0xD7, 0x4E, 0xBA, 0xF0, 0xEB, 0xB3, 0x1C, 0x2F, 0x9C, 0xFB, 0x66, 0x80, 0x7D, 0x5A,
    0x58, 0x15, 0x07, 0xBC, 0x95, 0xE1, 0x9F, 0xB5, 0x27, 0xC6, 0x49, 0x7E, 0x3F, 0x7C, 0x7D, 0xF1,
    0xA7, 0xC5, 0x7F, 0xDE, 0x2D, 0xAE, 0xB7, 0xA9, 0x31, 0xD3, 0xD2, 0x4C, 0xEE, 0x8E, 0xC6, 0x25,
    0x11, 0x5B, 0x29, 0x1D, 0x8F, 0x95, 0x1A, 0x64, 0x7A, 0x93, 0x5E, 0x73, 0xA1, 0xEB, 0x5A, 0xA7,
    0x86, 0xF5, 0xAB, 0x0F, 0x10, 0xE8, 0x97, 0xB2, 0xD9, 0x6A, 0x3A, 0x65, 0xCC, 0x57, 0x96, 0x97,
    0x31, 0x1C, 0x3C, 0x33, 0x46, 0xE1, 0xD1, 0xD4, 0xF6, 0x21, 0x94, 0x11, 0xF4, 0xA6, 0x07, 0xF5,
    0x31, 0xDB, 0x35, 0xF9, 0xC7, 0xFF, 0x00, 0x05, 0x8B, 0xFD, 0x9B, 0xB5, 0x3F, 0x1C, 0x78, 0x13,
    0x45, 0xFD, 0xA0, 0x3C, 0x2B, 0x60, 0xF7, 0x37, 0xBE, 0x0A, 0x89, 0xEC, 0x35, 0xC8, 0xE3, 0x5D,
    0xCE, 0x74, 0xB9, 0x1F, 0x7A, 0x4D, 0x81, 0xCE, 0xD8, 0x65, 0x2D, 0xBB, 0x1D, 0x16, 0x66, 0x63,
    0xC2, 0x9A, 0xFA, 0xB3, 0xF6, 0x50, 0xFD, 0xA7, 0x3C, 0x37, 0xFB, 0x4C, 0xFC, 0x15, 0xD1, 0xBE,
    0x22, 0x69, 0x72, 0xC1, 0x16, 0xAE, 0xA8, 0xB6, 0x5A, 0xFE, 0x9E, 0xAD, 0xF3, 0x58, 0xEA, 0x28,
    0xA3, 0xCC, 0x4C, 0x75, 0x08, 0xDF, 0xEB, 0x23, 0x3D, 0xD1, 0x87, 0x70, 0xC0, 0x7A, 0xF5, 0xED,
    0xDE, 0x93, 0x7B, 0x69, 0x2E, 0x9F, 0xA9, 0x43, 0x15, 0xC4, 0x17, 0x31, 0xB4, 0x53, 0x43, 0x2C,
    0x61, 0xD2, 0x44, 0x60, 0x43, 0x2B, 0x29, 0xE1, 0x81, 0x04, 0x82, 0x0F, 0x04, 0x1A, 0x00, 0xFE,
    0x5A, 0xC8, 0xC7, 0x5A, 0x2B, 0xF5, 0x5B, 0xF6, 0xA2, 0xFF, 0x00, 0x82, 0x42, 0xC1, 0xAD, 0x6B,
    0xD7, 0x9E, 0x2E, 0xFD, 0x99, 0xBC, 0x41, 0xA7, 0xE9, 0x89, 0x78, 0xED, 0x3C, 0x9E, 0x17, 0xD6,
    0x1D, 0xA2, 0x86, 0x26, 0x3C, 0x91, 0x6B, 0x72, 0x03, 0x6D, 0x4F, 0x48, 0xE4, 0x18, 0x1D, 0x9F,
    0x18, 0x03, 0xE4, 0xAB, 0xBF, 0xF8, 0x26, 0x6F, 0xED, 0xB3, 0x6B, 0x7E, 0x6C, 0x57, 0xE0, 0x95,
    0xC4, 0xE3, 0x76, 0x04, 0xF0, 0xEB, 0x1A, 0x7B, 0x42, 0x47, 0xAE, 0xFF, 0x00, 0x3F, 0x18, 0xFA,
    0xD0, 0x07, 0xCB, 0xD5, 0xB3, 0x75, 0xE0, 0xCF, 0x16, 0xD8, 0xF8, 0x56, 0xC7, 0xC7, 0x17, 0x9E,
    0x1A, 0xD4, 0xA1, 0xF0, 0xF6, 0xA5, 0x75, 0x35, 0x8D, 0x9E, 0xA8, 0xF6, 0xCE, 0xB6, 0xB3, 0xDC,
    0x44, 0x14, 0xC9, 0x1A, 0x48, 0x46, 0xD6, 0x65, 0x0C, 0x32, 0x01, 0xF5, 0xF4, 0x38, 0xFD, 0x0E,
    0xFD, 0x9F, 0x3F, 0xE0, 0x8E, 0xDE, 0x35, 0xD4, 0x35, 0x5B, 0x6D, 0x77, 0xF6, 0x8D, 0xF1, 0x2D,
    0x96, 0x8B, 0xA4, 0x42, 0xEB, 0x23, 0xE8, 0x5A, 0x2D, 0xD0, 0xB9, 0xBD, 0xB9, 0xC7, 0xFC, 0xB3,
    0x92, 0xE0, 0x0F, 0x2A, 0x15, 0x3D, 0x09, 0x43, 0x23, 0x63, 0x38, 0xDA, 0x79, 0x1F, 0xA5, 0x3E,
    0x28, 0xFD, 0x9F, 0xFE, 0x0E, 0x78, 0xDF, 0xE0, 0xE3, 0xFC, 0x05, 0xD5, 0xFC, 0x13, 0x61, 0x17,
    0x82, 0xE2, 0xB1, 0x5B, 0x5B, 0x6D, 0x3A, 0xD5, 0x04, 0x62, 0xCB, 0x60, 0x26, 0x39, 0x60, 0x6E,
    0x4A, 0x4A, 0xAC, 0x4B, 0x09, 0x39, 0x25, 0x89, 0x2D, 0xBB, 0x73, 0x64, 0x03, 0xF9, 0xAF, 0xAF,
    0xD1, 0x1F, 0xF8, 0x22, 0x7F, 0xFC, 0x9C, 0x17, 0x8D, 0xBF, 0xEC, 0x4C, 0x7F, 0xFD, 0x2E, 0xB6,
    0xAF, 0x9B, 0x7F, 0x6B, 0xDF, 0xD9, 0x07, 0xC6, 0xFF, 0x00, 0xB2, 0x8F, 0x8D, 0x23, 0xD3, 0xF5,
    0x49, 0x97, 0x56, 0xF0, 0xAE, 0xB3, 0x24, 0xAD, 0xA0, 0x6B, 0x91, 0x80, 0xA2, 0xEE, 0x34, 0xC1,
    0x68, 0xE4, 0x4C, 0xE6, 0x39, 0x90, 0x32, 0xEE, 0x5F, 0xBA, 0x72, 0x0A, 0x92, 0x0F, 0x1F, 0x49,
    0x7F, 0xC1, 0x14, 0x30, 0x3F, 0x68, 0x1F, 0x1B, 0x9F, 0xFA, 0x93, 0x1F, 0xFF, 0x00, 0x4B, 0xAD,
    0xA8, 0x03, 0xF6, 0x5A, 0xBF, 0x0F, 0xBF, 0xE0, 0xB1, 0x27, 0x1F, 0xB5, 0xBC, 0x18, 0x03, 0xFE,
    0x45, 0x2D, 0x37, 0xB7, 0xFD, 0x34, 0xB8, 0xAF, 0xDB, 0xED, 0xEB, 0xEA, 0x2B, 0xF1, 0x03, 0xFE,
    0x0B, 0x12, 0x47, 0xFC, 0x35, 0xBC, 0x04, 0x77, 0xF0, 0x96, 0x9B, 0xFF, 0x00, 0xA3, 0x2E, 0x29,
    0x20, 0x3E, 0x1B, 0xDC, 0x7D, 0x07, 0xE4, 0x28, 0xDC, 0x7D, 0x07, 0xE4, 0x28, 0xA4, 0xA6, 0x07,
    0xE8, 0xCF, 0xFC, 0x11, 0x37, 0x9F, 0x8E, 0x5E, 0x3C, 0x6D, 0xA3, 0x23, 0xC2, 0x6B, 0xCE, 0x07,
    0xFC, 0xFE, 0xC3, 0x5F, 0xB1, 0xB5, 0xF8, 0xE5, 0xFF, 0x00, 0x04, 0x4E, 0x21, 0x7E, 0x38, 0x78,
    0xF4, 0x93, 0xD3, 0xC2, 0x6B, 0xFF, 0x00, 0xA5, 0xB0, 0xD7, 0xEC, 0x42, 0x4E, 0xAE, 0xD8, 0x04,
    0x52, 0x60, 0x7E, 0x1F, 0x7F, 0xC1, 0x61, 0x3F, 0xE4, 0xEE, 0xC7, 0xFD, 0x8A, 0xDA, 0x67, 0xFE,
    0x85, 0x3D, 0x7C, 0x3F, 0xDA, 0xBE, 0xE0, 0xFF, 0x00, 0x82, 0xC2, 0x1C, 0xFE, 0xD7, 0x5F, 0xF7,
    0x2B, 0x69, 0x9F, 0xFA, 0x14, 0xF5, 0xF0, 0xFD, 0x30, 0x0A, 0x28, 0xA2, 0x80, 0x0A, 0x28, 0xA2,
    0x80, 0x0A, 0x28, 0xA0, 0x50, 0x01, 0xF8, 0xD1, 0xF8, 0xD1, 0x47, 0x34, 0x00, 0x51, 0x47, 0x34,
    0x50, 0x01, 0x45, 0x14, 0x50, 0x01, 0x4A, 0x29, 0x29, 0x45, 0x00, 0x21, 0xA2, 0x83, 0xD6, 0x8A,
    0x00, 0x28, 0xA2, 0x8A, 0x00, 0x28, 0xA2, 0x8F, 0x7A, 0x00, 0x28, 0xA2, 0x8A, 0x00, 0x28, 0xA2,
    0x8A, 0x00, 0x28, 0xA2, 0x8A, 0x00, 0x28, 0xA2, 0x8A, 0x00, 0x2B, 0xEC, 0xCF, 0xF8, 0x24, 0xCE,
    0xA0, 0x9A, 0x6F, 0xED, 0x6F, 0x69, 0x70, 0xE8, 0x5C, 0x7F, 0xC2, 0x39, 0xAA, 0x8C, 0x03, 0x8F,
    0xF9, 0x66, 0x87, 0xFA, 0x57, 0xC6, 0x75, 0xD5, 0xFC, 0x33, 0xF8, 0xA9, 0xE3, 0xFF, 0x00, 0x83,
    0xBE, 0x27, 0x4F, 0x19, 0xFC, 0x35, 0xF1, 0x24, 0xFA, 0x1E, 0xB4, 0x90, 0x4B, 0x6A, 0xB7, 0x70,
    0xC7, 0x1B, 0xB0, 0x8A, 0x41, 0x87, 0x5C, 0x3A, 0xB2, 0xF2, 0x3D, 0xA8, 0x03, 0xFA, 0x50, 0x1E,
    0x35, 0xB6, 0x27, 0x1F, 0x60, 0x7F, 0xFB, 0xF8, 0x3F, 0xC2, 0xBF, 0x25, 0x3F, 0xE0, 0xB3, 0xBA,
    0x9C, 0x7A, 0x9F, 0xC5, 0xBF, 0x87, 0xB3, 0x24, 0x45, 0x00, 0xF0, 0xC4, 0xDC, 0x13, 0x9F, 0xF9,
    0x7D, 0x93, 0xFC, 0x2B, 0xE7, 0x65, 0xFF, 0x00, 0x82, 0x82, 0xFE, 0xD8, 0x8B, 0xD3, 0xE3, 0x7E,
    0xA9, 0xF8, 0xD9, 0x5A, 0x7F, 0xF1, 0xAA, 0xF3, 0x2F, 0x8B, 0x3F, 0x1C, 0x7E, 0x2A, 0xFC, 0x72,
    0xD5, 0x2C, 0x35, 0xAF, 0x8A, 0xDE, 0x30, 0xB9, 0xF1, 0x05, 0xE6, 0x99, 0x6C, 0x6D, 0x2D, 0x25,
    0x9A, 0x28, 0xA3, 0x31, 0x42, 0x5C, 0xB9, 0x50, 0x23, 0x55, 0x1F, 0x79, 0x89, 0xE7, 0x9E, 0x68,
    0x03, 0x85, 0xA2, 0x8A, 0x3B, 0xD0, 0x01, 0x40, 0x14, 0x52, 0xA3, 0x14, 0x60, 0xC0, 0x02, 0x41,
    0xCE, 0x08, 0xC8, 0xFC, 0xA8, 0x03, 0xF7, 0x13, 0xFE, 0x09, 0x7D, 0xF0, 0x82, 0xDB, 0xE1, 0x77,
    0xEC, 0xB5, 0xA7, 0x78, 0x8A, 0xE2, 0xDC, 0x47, 0xAD, 0x78, 0xEE, 0xF5, 0xF5, 0xAB, 0xE6, 0x61,
    0xF3, 0xAC, 0x00, 0x79, 0x76, 0xB1, 0x67, 0xD0, 0x46, 0x0B, 0xE3, 0xB1, 0x99, 0xAB, 0xE8, 0x8F,
    0x14, 0x6B, 0x96, 0x1A, 0x07, 0x8B, 0xF4, 0x0D, 0x6F, 0x57, 0xBD, 0x8E, 0xD3, 0x4F, 0xD3, 0xED,
    0x75, 0x0B, 0xCB, 0xB9, 0xE4, 0x6C, 0x2C, 0x50, 0xC5, 0x0B, 0x3C, 0x8E, 0x4F, 0xA0, 0x55, 0x27,
    0xF0, 0xAF, 0xC3, 0xAD, 0x23, 0xFE, 0x0A, 0x0F, 0xFB, 0x60, 0xE8, 0x3A, 0x64, 0x3A, 0x36, 0x8D,
    0xF1, 0xA2, 0xFA, 0xD2, 0xCA, 0xD8, 0x62, 0x18, 0x23, 0xD3, 0x6C, 0x82, 0xA0, 0xF4, 0x03, 0xC9,
    0xE0, 0x7B, 0x56, 0x37, 0x8E, 0x7F, 0x6D, 0x9F, 0xDA, 0x8F, 0xE2, 0x4E, 0x89, 0x77, 0xE1, 0xDF,
    0x1A, 0x7C, 0x5E, 0xD4, 0xB5, 0x1D, 0x3A, 0xFA, 0xD6, 0x5B, 0x2B, 0x88, 0x4D, 0xAD, 0xB4, 0x5E,
    0x64, 0x12, 0x0C, 0x49, 0x19, 0x68, 0xE3, 0x56, 0xC3, 0x01, 0x83, 0xCF, 0x23, 0x23, 0xA1, 0xA0,
    0x47, 0x25, 0xFB, 0x41, 0x7C, 0x59, 0xD4, 0xBE, 0x39, 0xFC, 0x68, 0xF1, 0x7F, 0xC5, 0x7D, 0x50,
    0xB8, 0x7F, 0x11, 0x6A, 0x92, 0xDC, 0xC1, 0x1B, 0x9E, 0x60, 0xB5, 0x07, 0x65, 0xBC, 0x5F, 0xF0,
    0x08, 0x56, 0x35, 0xFF, 0x00, 0x80, 0xD7, 0x9E, 0xD1, 0x45, 0x03, 0x0A, 0x01, 0xC1, 0xCD, 0x14,
    0x50, 0x07, 0xEE, 0x27, 0xFC, 0x13, 0xEF, 0xE3, 0xD7, 0xFC, 0x2D, 0xFF, 0x00, 0xD8, 0xD2, 0xC7,
    0x46, 0xD4, 0xAF, 0xBC, 0xED, 0x7B, 0xC0, 0x13, 0x45, 0xE1, 0xCB, 0xD0, 0xED, 0x97, 0x6B, 0x74,
    0xC1, 0xB3, 0x93, 0xE8, 0x61, 0x21, 0x33, 0xDD, 0xA1, 0x6A, 0xFA, 0x07, 0xFE, 0x12, 0xBD, 0x0A,
    0xEA, 0xC1, 0xB4, 0xFB, 0xFF, 0x00, 0x0F, 0x9B, 0x98, 0x25, 0x84, 0xC1, 0x3C, 0x6D, 0x28, 0x29,
    0x32, 0x15, 0xDA, 0xEA, 0x46, 0x3A, 0x30, 0x24, 0x11, 0xE8, 0x6B, 0xF9, 0xFC, 0xF8, 0x4D, 0xF1,
    0xFF, 0x00, 0xE2, 0xFF, 0x00, 0xC0, 0xCF, 0xED, 0x71, 0xF0, 0xAB, 0xC6, 0xD7, 0x5A, 0x02, 0xEB,
    0xD1, 0xC3, 0x16, 0xA2, 0x91, 0x45, 0x14, 0xA9, 0x70, 0xB1, 0x31, 0x68, 0xF7, 0x2C, 0x8A, 0xC3,
    0x2A, 0x59, 0xB0, 0x46, 0x0F, 0xCC, 0x47, 0x43, 0x5E, 0x92, 0x9F, 0xF0, 0x50, 0xBF, 0xDB, 0x0E,
    0x35, 0x08, 0xBF, 0x19, 0xEF, 0x00, 0x51, 0x81, 0xFF, 0x00, 0x12, 0xCB, 0x23, 0xFF, 0x00, 0xB4,
    0x68, 0x03, 0x83, 0xFD, 0xA3, 0xFE, 0x11, 0xCF, 0xF0, 0x6F, 0xE3, 0x87, 0x8A, 0x3E, 0x1C, 0xDB,
    0x41, 0x31, 0xB3, 0xB4, 0xBF, 0x69, 0x34, 0xA2, 0xC0, 0xB3, 0x4B, 0x63, 0x37, 0xCF, 0x6C, 0x7F,
    0xDA, 0x3B, 0x19, 0x54, 0xE3, 0xF8, 0x94, 0x8A, 0xFD, 0x4D, 0xFF, 0x00, 0x82, 0x76, 0xFC, 0x1B,
    0xD1, 0xBE, 0x02, 0xF8, 0x09, 0xAC, 0x75, 0x9D, 0x02, 0x45, 0xF1, 0xCF, 0x8A, 0x61, 0x1A, 0x86,
    0xB5, 0x79, 0x23, 0x8C, 0xDA, 0xC2, 0x98, 0x30, 0xD8, 0xA0, 0xC7, 0x01, 0x03, 0x6E, 0x73, 0x9E,
    0x64, 0x63, 0xD4, 0x2A, 0xD7, 0xE5, 0x87, 0x8A, 0xFF, 0x00, 0x69, 0x2F, 0x8C, 0xBE, 0x39, 0xF8,
    0x89, 0xA1, 0xFC, 0x56, 0xF1, 0x77, 0x8B, 0x23, 0xD5, 0x3C, 0x55, 0xE1, 0xC1, 0x1A, 0xE9, 0xBA,
    0x84, 0xFA, 0x6D, 0xA9, 0x30, 0x88, 0xDD, 0x9E, 0x3C, 0xA0, 0x8C, 0x23, 0xEC, 0x76, 0x2C, 0xBB,
    0xD4, 0xE0, 0xFD, 0x05, 0x77, 0xCF, 0xFF, 0x00, 0x05, 0x0B, 0xFD, 0xB0, 0x64, 0xBA, 0x8E, 0xF5,
    0xBE, 0x32, 0xDD, 0xF9, 0xF1, 0x2B, 0xA2, 0x3F, 0xF6, 0x5D, 0x8E, 0x42, 0xBE, 0x37, 0x0F, 0xF5,
    0x3D, 0xF0, 0x3F, 0x2A, 0x00, 0xFD, 0xD5, 0xF0, 0x76, 0xB5, 0x6F, 0xAA, 0x6B, 0xEE, 0xF6, 0xB6,
    0xCD, 0x02, 0x46, 0x4C, 0x45, 0x4B, 0xEE, 0x2C, 0x40, 0x3C, 0xFE, 0x35, 0xF8, 0xFF, 0x00, 0xFF,
    0x00, 0x05, 0x44, 0xFD, 0xAF, 0x7F, 0xE1, 0x7B, 0xFC, 0x51, 0xFF, 0x00, 0x85, 0x59, 0xE0, 0x9D,
    0x53, 0xCE, 0xF0, 0x37, 0x81, 0xAE, 0x5E, 0x21, 0x24, 0x2F, 0x98, 0xF5, 0x2D, 0x4C, 0x65, 0x26,
    0xB8, 0xC8, 0xE1, 0x91, 0x3E, 0x68, 0xA3, 0x3D, 0x31, 0xE6, 0x30, 0x38, 0x71, 0x5E, 0x3B, 0x7F,
    0xFB, 0x7A, 0x7E, 0xD6, 0xFA, 0x8E, 0x9F, 0x7D, 0xA5, 0xCF, 0xF1, 0xAB, 0x55, 0x4B, 0x7D, 0x46,
    0x09, 0x2D, 0xEE, 0x04, 0x16, 0xB6, 0xB0, 0xBB, 0x24, 0x8A, 0x55, 0x80, 0x74, 0x88, 0x32, 0x92,
    0x09, 0x19, 0x52, 0x08, 0xEC, 0x45, 0x78, 0x0F, 0x5E, 0xB4, 0x09, 0x20, 0xAF, 0x46, 0xFD, 0x9F,
    0x7E, 0x37, 0xF8, 0xAB, 0xF6, 0x79, 0xF8, 0xAD, 0xA2, 0x7C, 0x50, 0xF0, 0x94, 0x85, 0xA6, 0xD3,
    0xA5, 0x29, 0x77, 0x68, 0xCE, 0x56, 0x3B, 0xEB, 0x37, 0xE2, 0x7B, 0x69, 0x31, 0xFC, 0x2E, 0xBD,
    0x0F, 0xF0, 0xB0, 0x56, 0x1C, 0xA8, 0xAF, 0x39, 0xA2, 0x81, 0x9F, 0xD0, 0xFF, 0x00, 0xC2, 0xAF,
    0x8C, 0xFA, 0x27, 0x8C, 0x34, 0x7D, 0x33, 0xE2, 0x47, 0x82, 0xAF, 0x8D, 0xF7, 0x87, 0xBC, 0x43,
    0x02, 0xDD, 0xC2, 0x18, 0xE1, 0xB6, 0x1E, 0x0A, 0x38, 0xFE, 0x19, 0x11, 0x83, 0x2B, 0x0E, 0xCC,
    0xA4, 0x57, 0x75, 0xF1, 0x37, 0xC1, 0x9E, 0x0A, 0xF8, 0xF1, 0xE0, 0x2D, 0x7B, 0xE1, 0xEF, 0x8B,
    0x6D, 0x85, 0xFE, 0x81, 0xE2, 0x1B, 0x16, 0xB5, 0x99, 0x32, 0x03, 0xC4, 0xDC, 0x14, 0x95, 0x09,
    0xFB, 0xB2, 0x46, 0xE1, 0x5D, 0x4F, 0x66, 0x51, 0x5F, 0xCF, 0xCF, 0xC3, 0x2F, 0xDA, 0x87, 0xE3,
    0xCF, 0xC1, 0xDD, 0x02, 0x4F, 0x0B, 0x7C, 0x38, 0xF8, 0x8D, 0x7D, 0xA3, 0xE9, 0x32, 0x5C, 0x35,
    0xD9, 0xB4, 0x58, 0x61, 0x99, 0x16, 0x56, 0x00, 0x33, 0x2F, 0x9A, 0x8D, 0xB7, 0x21, 0x46, 0x40,
    0xC0, 0x24, 0x67, 0xAD, 0x77, 0x56, 0xDF, 0xF0, 0x51, 0x0F, 0xDB, 0x22, 0xCF, 0x26, 0xD7, 0xE3,
    0x6D, 0xFC, 0x59, 0xEB, 0xB7, 0x4E, 0xB2, 0x19, 0xFF, 0x00, 0xC8, 0x34, 0x08, 0xFD, 0xB3, 0xFD,
    0x95, 0x7F, 0x67, 0xEF, 0x08, 0xFE, 0xCC, 0xBF, 0x0A, 0x74, 0xFF, 0x00, 0x86, 0x1E, 0x16, 0x90,
    0x5D, 0xBC, 0x25, 0xEE, 0xF5, 0x4D, 0x49, 0xA2, 0x11, 0xC9, 0xA8, 0xDE, 0xBE, 0x37, 0xCE, 0xCA,
    0x09, 0xDA, 0x30, 0x15, 0x15, 0x72, 0x76, 0xA2, 0x28, 0xC9, 0xE4, 0x9F, 0x53, 0xF1, 0x1F, 0x88,
    0x74, 0x5F, 0x0B, 0x68, 0x57, 0xDE, 0x24, 0xF1, 0x0E, 0xA7, 0x6F, 0xA7, 0x69, 0x9A, 0x65, 0xB4,
    0x97, 0x77, 0x97, 0x73, 0xBE, 0xD8, 0xE0, 0x86, 0x35, 0x2C, 0xEE, 0xC7, 0xB0, 0x0A, 0x09, 0xFC,
    0x2B, 0xF0, 0x15, 0x3F, 0xE0, 0xA4, 0xDF, 0xB6, 0xCC, 0x63, 0xE5, 0xF8, 0xED, 0xA8, 0x70, 0x31,
    0xCE, 0x99, 0x62, 0x7F, 0xF6, 0x8D, 0x73, 0x5F, 0x12, 0x3F, 0x6E, 0x1F, 0xDA, 0xA7, 0xE2, 0xE7,
    0x83, 0xEF, 0xBC, 0x03, 0xF1, 0x03, 0xE3, 0x06, 0xA5, 0xAA, 0x68, 0x1A, 0x9E, 0xCF, 0xB6, 0x59,
    0x0B, 0x5B, 0x68, 0x16, 0x70, 0x8C, 0x19, 0x55, 0x9A, 0x28, 0xD5, 0x8A, 0xEE, 0x00, 0x95, 0xCE,
    0x0E, 0x06, 0x41, 0xA4, 0x32, 0xCF, 0xED, 0xAD, 0xFB, 0x51, 0x6A, 0xFF, 0x00, 0xB5, 0x4F, 0xC6,
    0x9D, 0x43, 0xC6, 0x45, 0xE7, 0x83, 0xC3, 0x5A, 0x6E, 0xED, 0x3B, 0xC3, 0x76, 0x12, 0x1C, 0x79,
    0x16, 0x4A, 0xDC, 0x48, 0xCB, 0xD0, 0x4B, 0x29, 0xFD, 0xE3, 0xFA, 0x65, 0x57, 0x24, 0x20, 0xAF,
    0x02, 0xA2, 0x8C, 0xD3, 0x03, 0xE8, 0xAF, 0xD8, 0x63, 0xF6, 0xA5, 0xBE, 0xFD, 0x96, 0xFE, 0x34,
    0xD9, 0x78, 0x82, 0xFE, 0x79, 0xDF, 0xC2, 0x1A, 0xE1, 0x4D, 0x3B, 0xC4, 0xB6, 0x89, 0x96, 0xDD,
    0x6A, 0x5B, 0x2B, 0x70, 0xAB, 0xDE, 0x48, 0x58, 0xEF, 0x1D, 0xCA, 0xEF, 0x5F, 0xE3, 0xAF, 0xE8,
    0x12, 0xC3, 0xC4, 0x7A, 0x3E, 0xB1, 0x61, 0x6D, 0xAA, 0x69, 0x77, 0xB1, 0x5D, 0xD9, 0xDE, 0x42,
    0x97, 0x16, 0xD7, 0x10, 0xB8, 0x68, 0xE6, 0x89, 0xD4, 0x32, 0x3A, 0x30, 0xE0, 0xAB, 0x29, 0x04,
    0x1F, 0x42, 0x2B, 0xF9, 0x71, 0x1C, 0x73, 0x5E, 0xED, 0xE0, 0x2F, 0xDB, 0x93, 0xF6, 0xAB, 0xF8,
    0x65, 0xE1, 0x2D, 0x37, 0xC0, 0xDE, 0x09, 0xF8, 0xC5, 0xA9, 0xE9, 0xFA, 0x1E, 0x91, 0x11, 0x86,
    0xC6, 0xD1, 0xAD, 0x6D, 0xA7, 0x10, 0x47, 0xB8, 0xB6, 0xC5, 0x69, 0x63, 0x66, 0xDA, 0x09, 0x38,
    0x04, 0xE0, 0x0E, 0x06, 0x00, 0x02, 0x80, 0x3F, 0x6F, 0x3F, 0x6B, 0x4F, 0xD9, 0xF3, 0xC2, 0xFF,
    0x00, 0xB5, 0x37, 0xC1, 0x9D, 0x5B, 0xE1, 0xB6, 0xA8, 0x61, 0xB6, 0xD5, 0x14, 0x7D, 0xB7, 0x42,
    0xD4, 0x64, 0x5C, 0xFD, 0x87, 0x51, 0x45, 0x3E, 0x5B, 0x93, 0xD7, 0x63, 0x64, 0xC6, 0xE3, 0xBA,
    0x3B, 0x77, 0x00, 0x8F, 0xE7, 0x93, 0xC5, 0xFE, 0x13, 0xF1, 0x07, 0x81, 0x3C, 0x51, 0xAA, 0xF8,
    0x33, 0xC5, 0x9A, 0x5C, 0xDA, 0x6E, 0xB1, 0xA2, 0xDD, 0xCB, 0x63, 0x7D, 0x69, 0x30, 0xC3, 0xC3,
    0x34, 0x6C, 0x55, 0x94, 0xFA, 0xF2, 0x38, 0x23, 0x82, 0x30, 0x47, 0x06, 0xBE, 0x81, 0x5F, 0xF8,
    0x29, 0x2F, 0xED, 0xAE, 0xBF, 0x77, 0xE3, 0xA6, 0xA1, 0xFF, 0x00, 0x82, 0xCB, 0x1F, 0xFE, 0x33,
    0x5E, 0x2B, 0xF1, 0x4B, 0xE2, 0xBF, 0x8F, 0x7E, 0x34, 0x78, 0xBE, 0x7F, 0x1E, 0xFC, 0x4A, 0xD7,
    0x06, 0xB1, 0xAF, 0xDD, 0x45, 0x14, 0x37, 0x17, 0xC6, 0xD6, 0x18, 0x1E, 0x65, 0x8D, 0x76, 0xA1,
    0x71, 0x12, 0x2A, 0xB3, 0x05, 0x01, 0x77, 0x11, 0x9C, 0x00, 0x33, 0xC0, 0xA0, 0x0E, 0x46, 0x81,
    0x45, 0x14, 0x01, 0xFD, 0x15, 0xFE, 0xC8, 0x3A, 0xDC, 0x71, 0xFE, 0xCA, 0xDF, 0x08, 0x90, 0xC4,
    0x49, 0x5F, 0x05, 0xE9, 0x2B, 0xF7, 0xBD, 0x2D, 0xD4, 0x7F, 0x4A, 0xE8, 0x3F, 0x68, 0xAD, 0x5A,
    0x29, 0x3F, 0x67, 0x9F, 0x8A, 0x40, 0x27, 0x5F, 0x05, 0x6B, 0x63, 0xAF, 0xAD, 0x8C, 0xD5, 0xF8,
    0x63, 0xE1, 0x4F, 0xDB, 0xC7, 0xF6, 0xB1, 0xF0, 0x47, 0x86, 0x74, 0xAF, 0x06, 0xF8, 0x5B, 0xE2,
    0xFD, 0xED, 0x86, 0x8F, 0xA2, 0x59, 0xC5, 0x61, 0x61, 0x6A, 0xB6, 0x16, 0x8C, 0x20, 0x82, 0x35,
    0xDA, 0x88, 0x0B, 0x44, 0x49, 0x00, 0x0C, 0x64, 0x92, 0x6A, 0x6F, 0x10, 0xFE, 0xDF, 0xDF, 0xB5,
    0xDF, 0x8A, 0xB4, 0x1D, 0x4F, 0xC3, 0x1A, 0xEF, 0xC6, 0x6B, 0xFB, 0xAD, 0x33, 0x58, 0xB3, 0x9A,
    0xC2, 0xFA, 0xDC, 0xD8, 0x59, 0xA8, 0x9A, 0xDE, 0x54, 0x29, 0x22, 0x12, 0xB1, 0x02, 0x01, 0x56,
    0x23, 0x20, 0x83, 0xCD, 0x00, 0x7C, 0xFA, 0x7A, 0xFE, 0x02, 0x92, 0x8C, 0xD1, 0x40, 0x05, 0x7A,
    0x4F, 0xEC, 0xFD, 0xF1, 0xFF, 0x00, 0xE2, 0x1F, 0xEC, 0xD9, 0xF1, 0x22, 0xC7, 0xE2, 0x57, 0xC3,
    0x9D, 0x45, 0x61, 0xBC, 0xB7, 0x1E, 0x4D, 0xD5, 0xA4, 0xD9, 0x6B, 0x6B, 0xFB, 0x56, 0x20, 0xBD,
    0xBC, 0xE8, 0x08, 0xDC, 0x8D, 0x80, 0x78, 0xE5, 0x58, 0x06, 0x52, 0x08, 0x06, 0xBC, 0xDA, 0x8A,
    0x00, 0xFD, 0xAE, 0xD1, 0x7F, 0x6E, 0x7F, 0x01, 0x7E, 0xD5, 0xDA, 0x0F, 0x85, 0xF4, 0x0F, 0x87,
    0x97, 0x2D, 0xA4, 0x78, 0xBF, 0x50, 0x98, 0xC1, 0xA8, 0x78, 0x76, 0xFA, 0x50, 0xB3, 0xC3, 0x31,
    0x28, 0x14, 0xC4, 0xFC, 0x2C, 0xF1, 0x12, 0x58, 0x86, 0x5F, 0x9B, 0x03, 0xE6, 0x55, 0x3C, 0x57,
    0xD4, 0xFE, 0x14, 0xFD, 0x9F, 0xBC, 0x13, 0xA3, 0xD9, 0x44, 0x35, 0xF8, 0x1B, 0x5A, 0xBF, 0x2A,
    0x0C, 0xD2, 0xCE, 0xEC, 0x10, 0xB7, 0x7D, 0xA8, 0x0F, 0x03, 0xD3, 0x3C, 0xD7, 0xF3, 0x5D, 0x6F,
    0x71, 0x71, 0x69, 0x3C, 0x77, 0x56, 0xB3, 0xC9, 0x0C, 0xD0, 0xB8, 0x92, 0x39, 0x23, 0x62, 0xAC,
    0x8C, 0x0E, 0x43, 0x02, 0x39, 0x04, 0x1E, 0xE2, 0xBE, 0x93, 0xF8, 0x67, 0xFF, 0x00, 0x05, 0x1C,
    0xFD, 0xB0, 0x3E, 0x17, 0x5A, 0xC3, 0xA6, 0xE9, 0x9F, 0x16, 0xEF, 0x35, 0x9D, 0x3E, 0x05, 0x0A,
    0xB6, 0xBA, 0xFC, 0x11, 0xEA, 0x40, 0x01, 0xD0, 0x09, 0x25, 0x06, 0x50, 0x3D, 0x83, 0xD3, 0xBB,
    0xB5, 0x85, 0x6D, 0x6E, 0x7E, 0xAE, 0xFE, 0xD2, 0xFF, 0x00, 0x0F, 0x34, 0xCF, 0x87, 0x8D, 0xA5,
    0xF8, 0xA3, 0xC2, 0xA8, 0x6D, 0x2D, 0x6F, 0x67, 0x6B, 0x79, 0x6D, 0xC3, 0x12, 0xB1, 0xCA, 0x17,
    0x72, 0x95, 0xCF, 0x38, 0x20, 0x1E, 0x3D, 0xAA, 0x6F, 0x1A, 0x6B, 0x33, 0x49, 0xF0, 0x7B, 0x55,
    0xBB, 0x92, 0x43, 0xBB, 0xEC, 0x71, 0x31, 0x3E, 0xFB, 0xD2, 0xBF, 0x32, 0xBC, 0x79, 0xFF, 0x00,
    0x05, 0x4C, 0xFD, 0xA2, 0xBE, 0x24, 0x58, 0x58, 0x58, 0x78, 0x9F, 0x42, 0xF0, 0x3B, 0xA6, 0x9D,
    0x23, 0xCD, 0x19, 0x83, 0x4D, 0xB8, 0x8F, 0x7B, 0xB2, 0xED, 0xDC, 0xC3, 0xCF, 0x20, 0xE0, 0x67,
    0x18, 0xC7, 0x53, 0x5C, 0x4F, 0x8C, 0xBF, 0xE0, 0xA0, 0x3F, 0xB4, 0x9F, 0x8C, 0x3C, 0x3D, 0x2F,
    0x85, 0xCF, 0x89, 0x34, 0xBD, 0x1B, 0x4D, 0x9D, 0x04, 0x72, 0xC5, 0xA5, 0xE9, 0x71, 0x46, 0xCE,
    0xA0, 0x82, 0x07, 0x98, 0xFB, 0xDC, 0x72, 0x07, 0x42, 0x29, 0xF3, 0x68, 0x85, 0xCB, 0xA9, 0xFB,
    0x43, 0xF1, 0x53, 0xE3, 0xD7, 0xC2, 0xCF, 0x81, 0x5F, 0x0E, 0x34, 0x3F, 0x14, 0xFC, 0x51, 0xF1,
    0x8D, 0x96, 0x8D, 0x6C, 0xDA, 0x54, 0x0D, 0x6F, 0x6E, 0xCD, 0xBE, 0xEE, 0xF1, 0xBC, 0xA5, 0xF9,
    0x20, 0x80, 0x7C, 0xF2, 0x37, 0xD0, 0x6D, 0x1D, 0xC8, 0x1C, 0xD7, 0xE3, 0x57, 0xED, 0xA7, 0xFB,
    0x70, 0xF8, 0xCF, 0xF6, 0xB2, 0xF1, 0x04, 0x1A, 0x74, 0x16, 0xD3, 0x68, 0x3E, 0x04, 0xD1, 0xA5,
    0x2F, 0xA4, 0xE8, 0xA6, 0x5D, 0xCF, 0x24, 0x98, 0x2B, 0xF6, 0xAB, 0xA6, 0x1C, 0x3C, 0xC5, 0x49,
    0x00, 0x0F, 0x96, 0x30, 0x4A, 0xAE, 0x49, 0x66, 0x6F, 0x9E, 0x3C, 0x47, 0xE2, 0x9F, 0x12, 0xF8,
    0xC3, 0x54, 0x7D, 0x6F, 0xC5, 0x7A, 0xFE, 0xA3, 0xAC, 0x6A, 0x12, 0x28, 0x47, 0xBA, 0xBF, 0xBA,
    0x79, 0xE5, 0x2A, 0x38, 0x55, 0xDE, 0xE4, 0x9C, 0x01, 0xC0, 0x1D, 0x07, 0x6A, 0xCB, 0xA9, 0x28,
    0x28, 0xE2, 0x8A, 0x28, 0x03, 0xEB, 0x3F, 0xD8, 0x67, 0xF6, 0xDC, 0xD4, 0xBF, 0x66, 0xBD, 0x5A,
    0x6F, 0x03, 0xF8, 0xD1, 0xAE, 0xAF, 0xFE, 0x1D, 0x6B, 0x97, 0x42, 0xE2, 0xEA, 0x18, 0x46, 0xF9,
    0x74, 0xBB, 0xA2, 0x02, 0xFD, 0xAE, 0x15, 0xFE, 0x20, 0x54, 0x01, 0x24, 0x7F, 0xC4, 0x15, 0x48,
    0xF9, 0x97, 0x0D, 0xFA, 0xED, 0xE3, 0xDF, 0x88, 0x5E, 0x1C, 0xF1, 0xB7, 0xEC, 0xF1, 0x27, 0x8C,
    0x3E, 0x1E, 0x78, 0x92, 0xC3, 0x5D, 0xD3, 0x6F, 0xBE, 0xCC, 0x2D, 0xAF, 0x6C, 0x27, 0x12, 0xC6,
    0xF9, 0x70, 0x0A, 0xE4, 0x72, 0xAC, 0x3A, 0x15, 0x60, 0x18, 0x1E, 0xA0, 0x57, 0xF3, 0xAD, 0x5D,
    0x4F, 0x82, 0xBE, 0x29, 0x7C, 0x44, 0xF8, 0x75, 0xF6, 0x91, 0xE0, 0x7F, 0x19, 0x6A, 0xDA, 0x34,
    0x77, 0xB8, 0x17, 0x50, 0x5A, 0xDC, 0xB2, 0xC3, 0x71, 0x8E, 0x47, 0x9B, 0x17, 0x29, 0x26, 0x3B,
    0x6E, 0x07, 0x14, 0x09, 0xAB, 0x9F, 0xB9, 0x7F, 0x0A, 0x7E, 0x0E, 0xDB, 0x78, 0x9E, 0xD2, 0xD3,
    0x56, 0xF1, 0x67, 0x8A, 0x51, 0x23, 0xB9, 0x1E, 0x62, 0xDA, 0x5B, 0x48, 0xAA, 0xC1, 0x72, 0x7E,
    0xF3, 0xB7, 0x43, 0xC7, 0x40, 0x3F, 0x1A, 0xF4, 0xDF, 0x17, 0xFC, 0x2B, 0xF8, 0x69, 0xE1, 0xFF,
    0x00, 0x0B, 0x5E, 0x5F, 0xE9, 0xBA, 0x6C, 0x26, 0xE6, 0xDA, 0x2D, 0xD1, 0xBB, 0x5D, 0x33, 0x36,
    0xE1, 0xD0, 0xFD, 0xEE, 0x6B, 0xF0, 0xFB, 0x49, 0xFD, 0xB5, 0x3E, 0x27, 0x58, 0x42, 0x91, 0x6A,
    0x3E, 0x1B, 0xF0, 0x86, 0xAE, 0xEA, 0x30, 0xD3, 0x5D, 0xE9, 0xF2, 0xA4, 0x8F, 0xF5, 0x30, 0xCC,
    0x83, 0xF4, 0xA9, 0x35, 0x6F, 0xDB, 0x6B, 0xE2, 0x6D, 0xF4, 0x4A, 0x9A, 0x5F, 0x85, 0xBC, 0x21,
    0xA3, 0x3A, 0xB0, 0x61, 0x35, 0x9D, 0x9D, 0xC3, 0xBE, 0x47, 0xFD, 0x76, 0x99, 0xD7, 0x1F, 0x85,
    0x55, 0xF5, 0x27, 0x94, 0xFD, 0xBF, 0xF0, 0x96, 0xBF, 0x06, 0x8D, 0xE0, 0x1F, 0x13, 0x6A, 0xB7,
    0xFA, 0x84, 0x1A, 0x7D, 0xBD, 0xA4, 0x7E, 0x63, 0xDD, 0x4D, 0x28, 0x89, 0x21, 0x1B, 0x0F, 0xCC,
    0xCE, 0xC4, 0x05, 0x1E, 0xE4, 0xD7, 0xE6, 0x27, 0xED, 0xD7, 0xFF, 0x00, 0x05, 0x0E, 0x7F, 0x88,
    0x5E, 0x10, 0xBC, 0xF8, 0x01, 0xF0, 0x8B, 0x5C, 0x96, 0xF3, 0x42, 0xBA, 0x9C, 0xFF, 0x00, 0x6F,
    0xEB, 0xEA, 0xED, 0xFF, 0x00, 0x13, 0x04, 0x18, 0xFF, 0x00, 0x44, 0xB7, 0x27, 0x9F, 0x23, 0x72,
    0xE5, 0xDF, 0xFE, 0x5A, 0x70, 0xA3, 0xE4, 0xC9, 0x7F, 0x90, 0x3E, 0x28, 0x7E, 0xD2, 0x1F, 0x1C,
    0x3E, 0x32, 0xC2, 0xB6, 0x5F, 0x11, 0xBE, 0x24, 0xEB, 0x1A, 0xB5, 0x82, 0x3E, 0xF4, 0xD3, 0xCC,
    0xA2, 0x1B, 0x25, 0x61, 0xD0, 0x8B, 0x78, 0xC2, 0xC7, 0x91, 0xD8, 0x95, 0x27, 0xDE, 0xBC, 0xDB,
    0xAD, 0x49, 0x56, 0x0E, 0xBC, 0xD1, 0x46, 0x68, 0xA0, 0x67, 0xB0, 0xFE, 0xCC, 0x3F, 0xB4, 0xF7,
    0xC4, 0x1F, 0xD9, 0x6B, 0xE2, 0x02, 0x78, 0xCF, 0xC1, 0x92, 0xAD, 0xDD, 0x8D, 0xDA, 0xAD, 0xBE,
    0xB3, 0xA3, 0x5C, 0x39, 0x5B, 0x6D, 0x4A, 0xD8, 0x1C, 0xEC, 0x6C, 0x7D, 0xC7, 0x52, 0x49, 0x49,
    0x00, 0xCA, 0x12, 0x7A, 0x82, 0xCA, 0x7F, 0x6F, 0xBF, 0x66, 0x7F, 0xDA, 0x87, 0xE0, 0xBF, 0xED,
    0x45, 0xA6, 0xA6, 0xAB, 0xE0, 0x4F, 0x14, 0x47, 0x1E, 0xA5, 0x6F, 0x0A, 0x3D, 0xEF, 0x87, 0xAF,
    0xA4, 0x58, 0xB5, 0x1B, 0x47, 0xC7, 0x3B, 0xA3, 0xCF, 0xEF, 0x10, 0x1E, 0x92, 0x47, 0x95, 0x3F,
    0xEC, 0x9E, 0x07, 0xF3, 0xC1, 0x56, 0x2C, 0x35, 0x0B, 0xFD, 0x2E, 0xEE, 0x2D, 0x43, 0x4C, 0xBD,
    0x9E, 0xD2, 0xEA, 0x06, 0xDF, 0x14, 0xF0, 0x48, 0xD1, 0xC9, 0x1B, 0x7A, 0xAB, 0x29, 0x04, 0x1F,
    0xA5, 0x00, 0x7F, 0x4B, 0xFF, 0x00, 0x10, 0xFC, 0x55, 0x1E, 0x85, 0x7B, 0x6A, 0xB1, 0xCD, 0x10,
    0x2F, 0x19, 0x3C, 0x9F, 0x43, 0xED, 0x5C, 0xA2, 0x7C, 0x4E, 0xC1, 0x1B, 0xE7, 0x83, 0x15, 0xF8,
    0x93, 0xF0, 0xFF, 0x00, 0xF6, 0xF3, 0xFD, 0xA5, 0x3E, 0x1F, 0x5B, 0xFD, 0x8A, 0x0F, 0x19, 0xC1,
    0xAE, 0x5A, 0xFC, 0xB8, 0x8B, 0x5B, 0xB3, 0x4B, 0xA3, 0xC0, 0xC0, 0xFD, 0xE7, 0xCB, 0x27, 0xFE,
    0x3D, 0x5D, 0xE3, 0x7F, 0xC1, 0x51, 0x3E, 0x3F, 0xB4, 0x5B, 0x0F, 0x86, 0x3C, 0x0D, 0xBF, 0x1F,
    0x7C, 0x58, 0x5C, 0xFF, 0x00, 0x2F, 0xB4, 0x62, 0x9E, 0x82, 0xD4, 0xFD, 0x86, 0xBC, 0xF8, 0x89,
    0x0F, 0xF6, 0x25, 0xCE, 0xA3, 0xA7, 0xDE, 0xC5, 0x25, 0xC5, 0xB8, 0x53, 0xE4, 0xBF, 0x7C, 0xB0,
    0x1F, 0x8F, 0x5A, 0xE6, 0x3E, 0x37, 0x7E, 0xD7, 0x1F, 0x07, 0x3F, 0x66, 0xDF, 0x87, 0x11, 0x78,
    0x97, 0xE2, 0x4E, 0xBB, 0x18, 0xD7, 0x75, 0x2B, 0x13, 0x35, 0x8F, 0x87, 0xED, 0x24, 0x57, 0xD4,
    0x6F, 0x5D, 0x97, 0x80, 0x91, 0xFF, 0x00, 0xCB, 0x38, 0xF3, 0xD6, 0x47, 0xC2, 0x8F, 0x52, 0x70,
    0x0F, 0xE3, 0x47, 0x8D, 0x7F, 0x6F, 0xAF, 0xDA, 0x53, 0xC6, 0x51, 0x1B, 0x78, 0xBC, 0x5B, 0x6B,
    0xE1, 0xF8, 0x98, 0x10, 0xC3, 0x44, 0xB2, 0x4B, 0x77, 0x20, 0xFF, 0x00, 0xD3, 0x46, 0xDD, 0x20,
    0xFC, 0x18, 0x57, 0x80, 0x6A, 0xDA, 0xC6, 0xAD, 0xAF, 0x6A, 0x13, 0x6A, 0xDA, 0xE6, 0xA9, 0x77,
    0xA8, 0xDF, 0x5C, 0xB6, 0xE9, 0xAE, 0x6E, 0xE7, 0x69, 0xA5, 0x94, 0xFA, 0xB3, 0xB1, 0x2C, 0x4F,
    0xD4, 0xD2, 0xD0, 0x15, 0xFA, 0x9E, 0x93, 0xFB, 0x46, 0xFE, 0xD1, 0x9E, 0x3E, 0xFD, 0xA5, 0xBC,
    0x7F, 0x2F, 0x8D, 0xBC, 0x6D, 0x72, 0x22, 0x82, 0x04, 0x36, 0xDA, 0x56, 0x97, 0x0B, 0x93, 0x6D,
    0xA6, 0xDA, 0xEE, 0xC8, 0x8A, 0x3C, 0xF5, 0x62, 0x7E, 0x67, 0x73, 0xCB, 0xB7, 0x27, 0x00, 0x00,
    0x3E, 0xB8, 0xFF, 0x00, 0x82, 0x2C, 0x4A, 0x22, 0xF8, 0xFB, 0xE3, 0x72, 0x7B, 0xF8, 0x31, 0xFF,
    0x00, 0xF4, 0xBA, 0xDA, 0xBF, 0x3C, 0xEB, 0xBD, 0xF8, 0x3D, 0xF1, 0xDB, 0xE2, 0xBF, 0xC0, 0x3D,
    0x76, 0xF7, 0xC4, 0xBF, 0x08, 0xFC, 0x61, 0x3F, 0x87, 0x75, 0x2D, 0x42, 0xCC, 0xD8, 0x5C, 0xDC,
    0x43, 0x04, 0x52, 0x99, 0x20, 0x2E, 0xAF, 0xB3, 0x12, 0x2B, 0x01, 0xF3, 0x22, 0x9C, 0x81, 0x9E,
    0x28, 0x19, 0xFD, 0x2A, 0x0B, 0xDC, 0xB7, 0x20, 0x7E, 0x75, 0xF8, 0xA1, 0xFF, 0x00, 0x05, 0x85,
    0x60, 0xFF, 0x00, 0xB5, 0x9D, 0xB1, 0x1F, 0xF4, 0x28, 0xE9, 0x9F, 0xFA, 0x32, 0xE2, 0xBC, 0xCC,
    0x7F, 0xC1, 0x48, 0x7F, 0x6D, 0x61, 0xD3, 0xE3, 0xB6, 0xA5, 0xFF, 0x00, 0x82, 0xEB, 0x2F, 0xFE,
    0x33, 0x5E, 0x39, 0xF1, 0x63, 0xE3, 0x1F, 0xC4, 0xAF, 0x8E, 0x5E, 0x29, 0x5F, 0x1A, 0xFC, 0x54,
    0xF1, 0x4C, 0xFA, 0xFE, 0xB4, 0x96, 0xB1, 0xD9, 0x2D, 0xDC, 0xB0, 0xC5, 0x1B, 0x08, 0x23, 0x2C,
    0x51, 0x31, 0x1A, 0xAA, 0xF0, 0x5D, 0xB9, 0xC6, 0x79, 0xA0, 0x0E, 0x32, 0x8A, 0x3F, 0x1A, 0x28,
    0x03, 0xF4, 0x43, 0xFE, 0x08, 0xB9, 0x38, 0x83, 0xE3, 0x5F, 0x8F, 0x49, 0xEF, 0xE1, 0x25, 0xEF,
    0xFF, 0x00, 0x4F, 0xD0, 0x57, 0xEB, 0xC5, 0xBE, 0xA0, 0xA9, 0x23, 0x13, 0x83, 0x9F, 0x7A, 0xFE,
    0x6C, 0x7E, 0x12, 0xFC, 0x71, 0xF8, 0xAD, 0xF0, 0x2B, 0x58, 0xBD, 0xD7, 0xFE, 0x13, 0x78, 0xCE,
    0xEB, 0xC3, 0x97, 0xFA, 0x8D, 0xAF, 0xD8, 0xEE, 0xA7, 0xB7, 0x8A, 0x27, 0x69, 0x21, 0xDE, 0x1F,
    0x61, 0x12, 0x2B, 0x0C, 0x6E, 0x55, 0x3C, 0x0C, 0xF1, 0x5E, 0xA8, 0xBF, 0xF0, 0x51, 0x3F, 0xDB,
    0x3D, 0x09, 0x65, 0xF8, 0xF1, 0xAB, 0xE4, 0xFA, 0xD9, 0xDA, 0x1F, 0xFD, 0xA5, 0x40, 0x1E, 0x99,
    0xFF, 0x00, 0x05, 0x7B, 0x98, 0x4D, 0xFB, 0x5C, 0x16, 0x1D, 0xBC, 0x2D, 0xA5, 0x7E, 0xBE, 0x69,
    0xFE, 0xB5, 0xF1, 0x2D, 0x75, 0xFF, 0x00, 0x14, 0xFE, 0x2E, 0x7C, 0x45, 0xF8, 0xD7, 0xE2, 0x93,
    0xE3, 0x4F, 0x8A, 0x1E, 0x28, 0x9F, 0x5F, 0xD6, 0x8D, 0xB4, 0x56, 0x9F, 0x6B, 0x9A, 0x28, 0xD1,
    0xBC, 0x98, 0xF3, 0xB1, 0x71, 0x1A, 0xAA, 0xF1, 0xB8, 0xF6, 0xCF, 0x35, 0xC8, 0x50, 0x01, 0x45,
    0x14, 0x50, 0x01, 0x45, 0x14, 0x50, 0x01, 0x45, 0x1C, 0xD1, 0xF4, 0xA0, 0x02, 0x8A, 0x28, 0xFC,
    0x68, 0x00, 0xA2, 0x8E, 0x94, 0x50, 0x01, 0x45, 0x14, 0x50, 0x01, 0x4A, 0x29, 0x29, 0x45, 0x00,
    0x21, 0xEB, 0x45, 0x06, 0x8A, 0x00, 0x28, 0xA2, 0x8A, 0x00, 0x28, 0xA2, 0x8A, 0x00, 0x28, 0xA2,
    0x8A, 0x00, 0x28, 0xA2, 0x8A, 0x00, 0x28, 0xA2, 0x8A, 0x00, 0x28, 0xA2, 0x8A, 0x00, 0x28, 0xA2,
    0x8A, 0x00, 0x28, 0xA2, 0x8A, 0x00, 0x28, 0xA2, 0x8A, 0x00, 0x28, 0xA2, 0x8A, 0x00, 0x28, 0xA2,
    0x8A, 0x00, 0x28, 0xA2, 0x8A, 0x00, 0x28, 0xA2, 0x8A, 0x00, 0x28, 0xA2, 0x8A, 0x00, 0x28, 0xA2,
    0x8A, 0x00, 0x28, 0xA2, 0x8A, 0x00, 0x28, 0xA2, 0x8A, 0x00, 0x28, 0xA2, 0x8A, 0x00, 0x28, 0xA2,
    0x8A, 0x00, 0x28, 0xA2, 0x8A, 0x00, 0x28, 0xA2, 0x8A, 0x00, 0x28, 0xA2, 0x8A, 0x00, 0x28, 0xA2,
    0x8A, 0x00, 0x28, 0xA2, 0x8A, 0x00, 0x28, 0xA2, 0x8A, 0x00, 0x28, 0xA2, 0x8A, 0x00, 0x28, 0xA2,
    0x8A, 0x00, 0x28, 0xA2, 0x8A, 0x00, 0x28, 0xA2, 0x8A, 0x00, 0x28, 0xA2, 0x8A, 0x00, 0x28, 0xA2,
    0x8A, 0x00, 0x28, 0xA2, 0x8A, 0x00, 0x28, 0xA2, 0x8A, 0x00, 0x28, 0xA2, 0x8A, 0x00, 0x28, 0xA2,
    0x8A, 0x00, 0x28, 0xA2, 0x8A, 0x00, 0x28, 0xA2, 0x8A, 0x00, 0x28, 0xA2, 0x8A, 0x00, 0x28, 0xA2,
    0x8A, 0x00, 0x28, 0xA2, 0x8A, 0x00, 0x28, 0xA2, 0x8A, 0x00, 0x28, 0xA2, 0x8A, 0x00, 0x3E, 0x94,
    0x51, 0x45, 0x00, 0x14, 0x51, 0x45, 0x00, 0x14, 0x51, 0x45, 0x00, 0x14, 0x51, 0x45, 0x00, 0x14,
    0x51, 0x45, 0x00, 0x14, 0x51, 0x45, 0x00, 0x14, 0xA2, 0x92, 0x94, 0x75, 0xA0, 0x04, 0x3D, 0x68,
    0xA0, 0xF5, 0xA2, 0x80, 0x0A, 0x28, 0xA2, 0x80, 0x0A, 0x3B, 0xD1, 0x45, 0x00, 0x14, 0x51, 0x45,
    0x00, 0x14, 0x51, 0x45, 0x00, 0x14, 0x51, 0x45, 0x00, 0x14, 0x51, 0x45, 0x00, 0x14, 0x51, 0xC5,
    0x14, 0x00, 0x51, 0x45, 0x14, 0x00, 0x51, 0x45, 0x14, 0x00, 0x51, 0x45, 0x14, 0x00, 0x51, 0x45,
    0x14, 0x00, 0x51, 0x45, 0x14, 0x00, 0x51, 0x45, 0x1F, 0x4A, 0x00, 0x28, 0xA2, 0x8A, 0x00, 0x28,
    0xA2, 0x8A, 0x00, 0x28, 0xA2, 0x8A, 0x00, 0x28, 0xA2, 0x8A, 0x00, 0x28, 0xA2, 0x8A, 0x00, 0x28,
    0xA2, 0x8A, 0x00, 0x28, 0xA2, 0x8A, 0x00, 0x28, 0xA2, 0x8A, 0x00, 0x28, 0xA2, 0x8A, 0x00, 0x28,
    0xA2, 0x8A, 0x00, 0x28, 0xA2, 0x8E, 0x28, 0x00, 0xA2, 0x8A, 0x28, 0x00, 0xA2, 0x8A, 0x28, 0x00,
    0xA2, 0x8A, 0x28, 0x00, 0xA2, 0x8A, 0x28, 0x00, 0xA2, 0x8A, 0x28, 0x00, 0xA2, 0x8A, 0x28, 0x00,
    0xA2, 0x8A, 0x28, 0x00, 0xA2, 0x8A, 0x28, 0x00, 0xA2, 0x8A, 0x28, 0x00, 0xA2, 0x8A, 0x28, 0x00,
    0xA2, 0x8A, 0x28, 0x00, 0xA2, 0x8A, 0x28, 0x00, 0xA2, 0x8A, 0x28, 0x00, 0xA2, 0x8A, 0x28, 0x00,
    0xA2, 0x8A, 0x28, 0x00, 0xA2, 0x8A, 0x28, 0x00, 0xA2, 0x8A, 0x28, 0x00, 0xA2, 0x8A, 0x28, 0x00,
    0xA2, 0x8A, 0x28, 0x00, 0xA2, 0x8A, 0x28, 0x00, 0xA2, 0x8A, 0x28, 0x00, 0xA2, 0x8A, 0x28, 0x00,
    0xA2, 0x8A, 0x28, 0x00, 0xA2, 0x8A, 0x28, 0x00, 0xA5, 0x14, 0x94, 0xA2, 0x80, 0x10, 0xF5, 0xA2,
    0x83, 0x45, 0x00, 0x14, 0x51, 0x45, 0x00, 0x14, 0x77, 0xA3, 0x14, 0x50, 0x01, 0x45, 0x1F, 0x85,
    0x14, 0x00, 0x51, 0x45, 0x14, 0x00, 0x51, 0x45, 0x14, 0x00, 0x51, 0x45, 0x14, 0x00, 0x51, 0x45,
    0x14, 0x00, 0x0A, 0x28, 0xFC, 0x28, 0xA0, 0x02, 0x8A, 0x28, 0xA0, 0x02, 0x8A, 0x28, 0xA0, 0x02,
    0x8A, 0x28, 0xA0, 0x02, 0x8A, 0x28, 0xA0, 0x02, 0x8A, 0x28, 0xA0, 0x02, 0x8A, 0x28, 0xA0, 0x02,
    0x8A, 0x28, 0xA0, 0x02, 0x8A, 0x28, 0xA0, 0x02, 0x8A, 0x28, 0xFC, 0x28, 0x00, 0xA2, 0x8A, 0x28,
    0x00, 0xA2, 0x8A, 0x28, 0x00, 0xA2, 0x8A, 0x28, 0x00, 0xA2, 0x8A, 0x28, 0x00, 0xA2, 0x8A, 0x28,
    0x00, 0xA3, 0xF1, 0xA2, 0x8A, 0x00, 0x28, 0xA2, 0x8E, 0x28, 0x00, 0xA2, 0x8A, 0x28, 0x00, 0xA2,
    0x8A, 0x28, 0x00, 0xA2, 0x83, 0x46, 0x28, 0x00, 0xA2, 0x8A, 0x28, 0x00, 0xA2, 0x8A, 0x28, 0x00,
    0xA2, 0x8A, 0x28, 0x00, 0xA2, 0x8A, 0x28, 0x00, 0xA2, 0x8A, 0x28, 0x00, 0xA2, 0x8A, 0x28, 0x00,
    0xA2, 0x8A, 0x28, 0x00, 0xA2, 0x8A, 0x28, 0x00, 0xA2, 0x8A, 0x28, 0x00, 0xA2, 0x8A, 0x28, 0x00,
    0xA2, 0x8A, 0x3F, 0x0A, 0x00, 0x28, 0xA2, 0x83, 0x40, 0x05, 0x14, 0x7E, 0x14, 0x50, 0x01, 0x45,
    0x14, 0x50, 0x01, 0x45, 0x14, 0x50, 0x01, 0x45, 0x14, 0x0A, 0x00, 0x28, 0xA2, 0x8A, 0x00, 0x28,
    0xE6, 0x8E, 0x28, 0xFC, 0x28, 0x00, 0xA2, 0x8A, 0x28, 0x00, 0xA2, 0x8A, 0x28, 0x00, 0xA2, 0x8A,
    0x3F, 0x0A, 0x00, 0x29, 0x45, 0x25, 0x28, 0xA0, 0x04, 0x3D, 0x68, 0xA0, 0xF5, 0xA2, 0x80, 0x0A,
    0x28, 0xA2, 0x80, 0x0A, 0x28, 0xA2, 0x80, 0x0A, 0x28, 0xA2, 0x80, 0x0A, 0x3B, 0x75, 0xA2, 0x8A,
    0x00, 0x28, 0xA3, 0xB5, 0x14, 0x00, 0x51, 0x45, 0x14, 0x00, 0x51, 0x45, 0x1F, 0x85, 0x00, 0x14,
    0x51, 0x47, 0x6A, 0x00, 0x28, 0xE9, 0x45, 0x14, 0x00, 0x51, 0x45, 0x14, 0x00, 0x51, 0x45, 0x14,
    0x00, 0x51, 0x45, 0x14, 0x00, 0x51, 0x45, 0x1C, 0xD0, 0x01, 0x45, 0x14, 0x50, 0x01, 0x45, 0x14,
    0x50, 0x01, 0x45, 0x1C, 0xD1, 0x40, 0x05, 0x14, 0x51, 0x40, 0x05, 0x14, 0x51, 0x40, 0x05, 0x14,
    0x7E, 0x14, 0x75, 0xA0, 0x02, 0x8F, 0xC6, 0x8A, 0x28, 0x00, 0xA2, 0x8A, 0x28, 0x00, 0xA2, 0x8A,
    0x28, 0x00, 0xA2, 0x8A, 0x28, 0x00, 0xA2, 0x8F, 0xA5, 0x14, 0x00, 0x51, 0x45, 0x14, 0x00, 0x51,
    0x45, 0x1F, 0x85, 0x00, 0x14, 0x1A, 0x28, 0xA0, 0x02, 0x8A, 0x28, 0xA0, 0x02, 0x8A, 0x28, 0xA0,
    0x02, 0x8A, 0x28, 0xA0, 0x02, 0x8A, 0x28, 0xA0, 0x02, 0x8A, 0x28, 0xA0, 0x02, 0x8A, 0x28, 0xA0,
    0x02, 0x8A, 0x28, 0xA0, 0x02, 0x8A, 0x28, 0xA0, 0x02, 0x8F, 0xC6, 0x8A, 0x28, 0x00, 0xA2, 0x8A,
    0x3F, 0xAD, 0x00, 0x14, 0x7E, 0x34, 0x51, 0x40, 0x05, 0x14, 0x51, 0x40, 0x05, 0x14, 0x51, 0x40,
    0x05, 0x14, 0x51, 0x40, 0x05, 0x14, 0x51, 0x40, 0x05, 0x14, 0x51, 0x40, 0x05, 0x14, 0x51, 0x40,
    0x07, 0xAE, 0x28, 0x1F, 0x5A, 0x3F, 0x0A, 0x39, 0xA0, 0x02, 0x8A, 0x28, 0xA0, 0x02, 0x8A, 0x28,
    0xA0, 0x02, 0x8A, 0x28, 0xA0, 0x02, 0x94, 0x52, 0x52, 0x8A, 0x00, 0x43, 0x45, 0x06, 0x8A, 0x00,
    0x28, 0xA2, 0x8A, 0x00, 0x28, 0xA2, 0x8A, 0x00, 0x28, 0xA2, 0x8E, 0x68, 0x00, 0xA2, 0x8A, 0x0D,
    0x00, 0x14, 0x71, 0x45, 0x1F, 0x8D, 0x00, 0x14, 0x51, 0x45, 0x00, 0x14, 0x51, 0x45, 0x00, 0x14,
    0x51, 0x47, 0xE3, 0x40, 0x05, 0x14, 0x51, 0x40, 0x05, 0x14, 0x51, 0x40, 0x05, 0x14, 0x51, 0x40,
    0x05, 0x14, 0x51, 0x40, 0x05, 0x14, 0x51, 0x40, 0x05, 0x14, 0x51, 0x40, 0x05, 0x14, 0x1E, 0xB4,
    0x50, 0x01, 0x45, 0x14, 0x50, 0x01, 0x45, 0x1D, 0xA8, 0xA0, 0x02, 0x8A, 0x28, 0xA0, 0x02, 0x8A,
    0x28, 0xA0, 0x02, 0x8A, 0x28, 0xA0, 0x02, 0x8A, 0x28, 0xA0, 0x02, 0x8A, 0x28, 0xA0, 0x02, 0x8A,
    0x28, 0xA0, 0x02, 0x8A, 0x28, 0xA0, 0x02, 0x8A, 0x28, 0xA0, 0x02, 0x8A, 0x28, 0xA0, 0x02, 0x8A,
    0x3F, 0x1A, 0x28, 0x00, 0xA2, 0x8A, 0x28, 0x00, 0xA2, 0x8A, 0x28, 0x00, 0xA3, 0x8A, 0x28, 0xA0,
    0x02, 0x8A, 0x28, 0xA0, 0x02, 0x8A, 0x28, 0xA0, 0x02, 0x8A, 0x28, 0xA0, 0x02, 0x8A, 0x28, 0xA0,
    0x02, 0x8A, 0x28, 0xA0, 0x02, 0x8A, 0x28, 0xFA, 0xD0, 0x01, 0x45, 0x14, 0x50, 0x01, 0x45, 0x14,
    0x50, 0x01, 0x45, 0x14, 0x50, 0x01, 0x45, 0x14, 0x50, 0x01, 0x45, 0x14, 0x50, 0x01, 0x45, 0x14,
    0x50, 0x01, 0x45, 0x14, 0x7D, 0x28, 0x00, 0xA3, 0x8A, 0x28, 0xA0, 0x02, 0x8A, 0x3A, 0xD1, 0x40,
    0x00, 0xA2, 0x8E, 0xDD, 0x68, 0xA0, 0x02, 0x8A, 0x28, 0xA0, 0x02, 0x8A, 0x28, 0xA0, 0x02, 0x94,
    0x75, 0xA4, 0xA5, 0x14, 0x00, 0x87, 0xAD, 0x14, 0x1E, 0xB4, 0x50, 0x01, 0x45, 0x14, 0x50, 0x01,
    0x47, 0xE1, 0x45, 0x14, 0x00, 0x1A, 0x28, 0xA2, 0x80, 0x0F, 0xAD, 0x14, 0x51, 0x40, 0x05, 0x14,
    0x51, 0x40, 0x05, 0x14, 0x51, 0x40, 0x05, 0x14, 0x51, 0x40, 0x05, 0x14, 0x51, 0x40, 0x05, 0x14,
    0x51, 0x40, 0x05, 0x14, 0x0A, 0x28, 0x00, 0xA2, 0x8F, 0xC6, 0x8E, 0x28, 0x00, 0xA2, 0x8F, 0xC6,
    0x8A, 0x00, 0x28, 0xA3, 0xF1, 0xA2, 0x80, 0x0A, 0x28, 0xA3, 0x34, 0x00, 0x51, 0x45, 0x14, 0x00,
    0x51, 0x45, 0x14, 0x00, 0x51, 0x45, 0x14, 0x00, 0x51, 0x45, 0x14, 0x00, 0x51, 0x45, 0x14, 0x00,
    0x51, 0x45, 0x14, 0x00, 0x51, 0x45, 0x14, 0x00, 0x51, 0x45, 0x14, 0x00, 0x51, 0x45, 0x14, 0x00,
    0x51, 0x45, 0x14, 0x00, 0x51, 0x45, 0x1F, 0x8D, 0x00, 0x1F, 0x85, 0x14, 0x7E, 0x34, 0x50, 0x01,
    0x45, 0x14, 0x50, 0x01, 0x45, 0x14, 0x50, 0x01, 0x45, 0x14, 0x7E, 0x34, 0x00, 0x7E, 0x14, 0x51,
    0x45, 0x00, 0x14, 0x51, 0x45, 0x00, 0x14, 0x51, 0x45, 0x00, 0x14, 0x51, 0x45, 0x00, 0x14, 0x51,
    0x45, 0x00, 0x14, 0x0A, 0x28, 0xA0, 0x03, 0xF0, 0xA3, 0xF0, 0xA2, 0x8F, 0xC6, 0x80, 0x0A, 0x28,
    0xA2, 0x80, 0x0A, 0x28, 0xA2, 0x80, 0x0A, 0x3F, 0x0A, 0x28, 0xA0, 0x02, 0x8A, 0x28, 0xA0, 0x02,
    0x8E, 0x94, 0x51, 0x40, 0x05, 0x14, 0x51, 0x40, 0x05, 0x14, 0x51, 0x40, 0x05, 0x14, 0x51, 0x40,
    0x07, 0x14, 0x51, 0x45, 0x00, 0x1F, 0x85, 0x1F, 0x85, 0x14, 0x50, 0x01, 0x45, 0x14, 0x50, 0x01,
    0x45, 0x14, 0x50, 0x01, 0x4A, 0x29, 0x29, 0x45, 0x00, 0x21, 0xEB, 0x45, 0x07, 0xAD, 0x14, 0x00,
    0x51, 0x45, 0x14, 0x00, 0x51, 0x45, 0x14, 0x00, 0x51, 0x45, 0x14, 0x00, 0x51, 0x45, 0x14, 0x00,
    0x51, 0x45, 0x14, 0x00, 0x51, 0x45, 0x14, 0x00, 0x51, 0x45, 0x14, 0x00, 0x51, 0x45, 0x14, 0x00,
    0x51, 0x45, 0x14, 0x00, 0x51, 0x45, 0x14, 0x00, 0x51, 0x45, 0x14, 0x00, 0x7E, 0x14, 0x51, 0x45,
    0x00, 0x14, 0x51, 0x45, 0x00, 0x14, 0x51, 0x45, 0x00, 0x14, 0x51, 0x45, 0x00, 0x14, 0x51, 0x45,
    0x00, 0x14, 0x51, 0x45, 0x00, 0x14, 0x51, 0x45, 0x00, 0x14, 0x51, 0x45, 0x00, 0x14, 0x51, 0x45,
    0x00, 0x14, 0x51, 0x45, 0x00, 0x14, 0x51, 0x45, 0x00, 0x14, 0x51, 0x45, 0x00, 0x14, 0x51, 0x45,
    0x00, 0x14, 0x51, 0x45, 0x00, 0x14, 0x51, 0x45, 0x00, 0x06, 0x8A, 0x28, 0xA0, 0x02, 0x8A, 0x28,
    0xA0, 0x02, 0x8A, 0x28, 0xA0, 0x02, 0x8A, 0x28, 0xE2, 0x80, 0x0A, 0x28, 0xA2, 0x80, 0x0A, 0x28,
    0xA2, 0x80, 0x0A, 0x28, 0xA2, 0x80, 0x0A, 0x28, 0xA2, 0x80, 0x0A, 0x28, 0xA2, 0x80, 0x0A, 0x28,
    0xA2, 0x80, 0x0A, 0x28, 0xA2, 0x80, 0x0E, 0x68, 0xE6, 0x8A, 0x28, 0x00, 0xA2, 0x8A, 0x28, 0x00,
    0xA2, 0x8A, 0x28, 0x00, 0xA2, 0x8E, 0xF4, 0x50, 0x01, 0x45, 0x1C, 0x51, 0x40, 0x05, 0x14, 0x51,
    0x40, 0x05, 0x14, 0x51, 0x40, 0x05, 0x14, 0x51, 0x40, 0x05, 0x14, 0x51, 0x40, 0x05, 0x14, 0x51,
    0x40, 0x05, 0x14, 0x51, 0x40, 0x05, 0x28, 0xA4, 0xA5, 0x14, 0x00, 0x87, 0xAD, 0x14, 0x1E, 0xB4,
    0x50, 0x01, 0x45, 0x14, 0x50, 0x01, 0x47, 0xE3, 0x45, 0x1F, 0x85, 0x00, 0x14, 0x51, 0x45, 0x00,
    0x14, 0x51, 0x45, 0x00, 0x1F, 0x8D, 0x14, 0x51, 0x40, 0x05, 0x14, 0x51, 0x40, 0x05, 0x14, 0x51,
    0x40, 0x05, 0x14, 0x7E, 0x14, 0x50, 0x01, 0x45, 0x14, 0x50, 0x01, 0x45, 0x14, 0x50, 0x01, 0x45,
    0x1F, 0x85, 0x1F, 0x85, 0x00, 0x14, 0x51, 0x45, 0x00, 0x14, 0x51, 0x45, 0x00, 0x14, 0x51, 0x45,
    0x00, 0x14, 0x51, 0x45, 0x00, 0x14, 0x51, 0x45, 0x00, 0x14, 0x51, 0x45, 0x00, 0x14, 0x51, 0x45,
    0x00, 0x14, 0x50, 0x68, 0xA0, 0x02, 0x8A, 0x28, 0xA0, 0x02, 0x8A, 0x28, 0xA0, 0x02, 0x8A, 0x28,
    0xA0, 0x02, 0x8A, 0x28, 0xA0, 0x03, 0x34, 0x51, 0x45, 0x00, 0x14, 0x51, 0x45, 0x00, 0x14, 0x51,
    0xF8, 0x51, 0xF4, 0xA0, 0x02, 0x8A, 0x28, 0xA0, 0x02, 0x8A, 0x51, 0x49, 0x40, 0x05, 0x14, 0x51,
    0x40, 0x05, 0x14, 0x51, 0x40, 0x05, 0x14, 0x51, 0xF8, 0x50, 0x01, 0x45, 0x14, 0x50, 0x01, 0x45,
    0x14, 0x50, 0x01, 0x45, 0x14, 0x50, 0x01, 0x45, 0x14, 0x50, 0x01, 0x45, 0x14, 0x7E, 0x14, 0x00,
    0x51, 0x45, 0x14, 0x00, 0x51, 0xCD, 0x14, 0x50, 0x01, 0x45, 0x14, 0x50, 0x01, 0x47, 0xE3, 0x45,
    0x14, 0x00, 0x51, 0x45, 0x14, 0x00, 0x50, 0x68, 0xA2, 0x80, 0x0A, 0x28, 0xFC, 0x28, 0xA0, 0x02,
    0x8A, 0x28, 0xA0, 0x02, 0x8A, 0x28, 0xA0, 0x02, 0x8A, 0x28, 0xA0, 0x02, 0x8A, 0x28, 0xA0, 0x02,
    0x8F, 0xC6, 0x8A, 0x28, 0x00, 0xA5, 0x14, 0x9F, 0x85, 0x28, 0xA0, 0x04, 0x3D, 0x68, 0xA0, 0xF5,
    0xA2, 0x80, 0x0A, 0x28, 0xA3, 0xF0, 0xA0, 0x02, 0x8E, 0xD4, 0x7B, 0x62, 0x8A, 0x00, 0x28, 0xA2,
    0x8A, 0x00, 0x28, 0xA2, 0x8A, 0x00, 0x28, 0xA2, 0x8A, 0x00, 0x28, 0xFC, 0x68, 0xA2, 0x80, 0x0A,
    0x28, 0xA2, 0x80, 0x0F, 0xC6, 0x8F, 0xC6, 0x8A, 0x28, 0x00, 0xA2, 0x8A, 0x28, 0x00, 0xFC, 0x68,
    0xA2, 0x8A, 0x00, 0x28, 0xFC, 0x68, 0xA2, 0x80, 0x0A, 0x28, 0xA2, 0x80, 0x0A, 0x28, 0xA2, 0x80,
    0x0A, 0x3F, 0x1A, 0x28, 0xF7, 0xA0, 0x03, 0xF1, 0xA3, 0xF1, 0xA2, 0x8A, 0x00, 0x28, 0xA2, 0x8A,
    0x00, 0x28, 0xA2, 0x8A, 0x00, 0x28, 0xA2, 0x8A, 0x00, 0x28, 0xA2, 0x8A, 0x00, 0x28, 0xA2, 0x8A,
    0x00, 0x28, 0xA2, 0x8A, 0x00, 0x28, 0xA2, 0x8A, 0x00, 0x28, 0xA2, 0x8A, 0x00, 0x28, 0xA2, 0x8A,
    0x00, 0x28, 0xA2, 0x8A, 0x00, 0x28, 0xA2, 0x8F, 0xC2, 0x80, 0x0A, 0x28, 0xA2, 0x80, 0x0A, 0x28,
    0xA2, 0x80, 0x0A, 0x28, 0xA2, 0x80, 0x0A, 0x28, 0xA2, 0x80, 0x0A, 0x28, 0xA2, 0x80, 0x0A, 0x3F,
    0x1A, 0x28, 0xFC, 0x28, 0x00, 0xFC, 0x68, 0xFC, 0x68, 0xFC, 0x28, 0xA0, 0x02, 0x8A, 0x28, 0xA0,
    0x02, 0x8A, 0x28, 0xA0, 0x02, 0x8F, 0xC6, 0x8A, 0x28, 0x00, 0xA2, 0x8A, 0x39, 0xA0, 0x02, 0x8A,
    0x28, 0xA0, 0x02, 0x8A, 0x3F, 0x0A, 0x28, 0x00, 0xA2, 0x8E, 0x68, 0xA0, 0x02, 0x8A, 0x28, 0xA0,
    0x02, 0x8A, 0x28, 0xA0, 0x02, 0x8A, 0x31, 0xED, 0x45, 0x00, 0x14, 0x7E, 0x34, 0x51, 0x40, 0x05,
    0x1F, 0x8D, 0x2D, 0x26, 0x28, 0x00, 0xA2, 0x8A, 0x28, 0x00, 0xA2, 0x8A, 0x28, 0x00, 0xA2, 0x8A,
    0x28, 0x00, 0xFC, 0x69, 0xC2, 0x9B, 0x4A, 0x28, 0x01, 0x0F, 0x5A, 0x28, 0xEF, 0x45, 0x00, 0x14,
    0x7D, 0x68, 0xA3, 0xBD, 0x00, 0x14, 0x51, 0x47, 0x7A, 0x00, 0x28, 0xA2, 0x8A, 0x00, 0x28, 0xA2,
    0x8A, 0x00, 0x28, 0xA3, 0xF1, 0xA2, 0x80, 0x0A, 0x28, 0xA2, 0x80, 0x0A, 0x28, 0xA2, 0x80, 0x0A,
    0x28, 0xA2, 0x80, 0x0A, 0x28, 0xA2, 0x80, 0x0A, 0x28, 0xA2, 0x80, 0x0A, 0x28, 0xA2, 0x80, 0x0A,
    0x28, 0xA2, 0x80, 0x0A, 0x3E, 0x94, 0x7E, 0x34, 0x50, 0x01, 0x45, 0x14, 0x50, 0x01, 0x45, 0x06,
    0x8A, 0x00, 0x28, 0xA2, 0x8A, 0x00, 0x28, 0xA2, 0x8A, 0x00, 0x28, 0xA2, 0x8A, 0x00, 0x28, 0xA2,
    0x8A, 0x00, 0x28, 0xE2, 0x8A, 0x28, 0x00, 0xA2, 0x8E, 0xDD, 0x68, 0xA0, 0x02, 0x8A, 0x28, 0xA0,
    0x02, 0x8A, 0x28, 0xA0, 0x02, 0x8A, 0x28, 0xA0, 0x02, 0x8A, 0x28, 0xA0, 0x02, 0x8A, 0x28, 0xA0,
    0x02, 0x8A, 0x28, 0xA0, 0x02, 0x8E, 0x3B, 0xD1, 0x45, 0x00, 0x14, 0x51, 0x45, 0x00, 0x14, 0x51,
    0x9A, 0x28, 0x00, 0xA2, 0x8A, 0x28, 0x00, 0xA2, 0x8A, 0x28, 0x00, 0xE2, 0x8A, 0x28, 0xA0, 0x02,
    0x8A, 0x28, 0xA0, 0x02, 0x8A, 0x28, 0xA0, 0x03, 0x8A, 0x3B, 0xD1, 0x47, 0x7A, 0x00, 0x28, 0xA2,
    0x8A, 0x00, 0x28, 0xA2, 0x8F, 0xC6, 0x80, 0x0A, 0x28, 0xA2, 0x80, 0x0A, 0x28, 0xA2, 0x80, 0x0A,
    0x28, 0xA2, 0x80, 0x0A, 0x28, 0xA2, 0x80, 0x0E, 0x28, 0xA2, 0x8A, 0x00, 0x28, 0xA2, 0x8A, 0x00,
    0x38, 0xA3, 0x8A, 0x33, 0x45, 0x00, 0x1C, 0x51, 0x4A, 0x29, 0x3F, 0x1A, 0x00, 0x28, 0xA2, 0x8A,
    0x00, 0x28, 0xA2, 0x8A, 0x00, 0x29, 0x47, 0x5A, 0x4A, 0x51, 0x40, 0x08, 0x7A, 0xD1, 0x41, 0xEB,
    0x45, 0x00, 0x14, 0x51, 0x45, 0x00, 0x14, 0x1A, 0x28, 0xA0, 0x02, 0x8A, 0x28, 0xA0, 0x02, 0x8A,
    0x28, 0xA0, 0x02, 0x8A, 0x28, 0xA0, 0x02, 0x8A, 0x28, 0xA0, 0x02, 0x8A, 0x28, 0xA0, 0x02, 0x8A,
    0x28, 0xA0, 0x02, 0x8A, 0x28, 0xA0, 0x02, 0x8A, 0x28, 0xA0, 0x02, 0x8A, 0x28, 0xA0, 0x02, 0x8A,
    0x28, 0xA0, 0x02, 0x8A, 0x28, 0xA0, 0x02, 0x8A, 0x28, 0xA0, 0x02, 0x8A, 0x28, 0xA0, 0x02, 0x8A,
    0x28, 0xA0, 0x02, 0x8A, 0x28, 0xA0, 0x02, 0x8A, 0x28, 0xA0, 0x02, 0x8A, 0x28, 0xA0, 0x02, 0x8A,
    0x28, 0xA0, 0x02, 0x8A, 0x28, 0xA0, 0x02, 0x8A, 0x28, 0xA0, 0x02, 0x8A, 0x28, 0xA0, 0x02, 0x8A,
    0x28, 0xA0, 0x02, 0x8A, 0x28, 0xA0, 0x02, 0x8A, 0x28, 0xA0, 0x02, 0x8A, 0x28, 0xA0, 0x03, 0xAD,
    0x14, 0x51, 0x40, 0x05, 0x14, 0x51, 0x40, 0x05, 0x14, 0x51, 0x40, 0x05, 0x14, 0x51, 0x40, 0x05,
    0x14, 0x51, 0x40, 0x05, 0x14, 0x51, 0x40, 0x05, 0x14, 0x51, 0x40, 0x05, 0x14, 0x51, 0x40, 0x05,
    0x14, 0x51, 0x40, 0x05, 0x14, 0x51, 0x40, 0x05, 0x14, 0x51, 0x40, 0x05, 0x14, 0x51, 0x40, 0x05,
    0x14, 0x51, 0x40, 0x05, 0x14, 0x51, 0x40, 0x05, 0x1F, 0x85, 0x14, 0x50, 0x01, 0xF8, 0x51, 0x45,
    0x14, 0x00, 0x51, 0x45, 0x14, 0x00, 0x51, 0x45, 0x14, 0x00, 0x63, 0xDA, 0x8A, 0x28, 0xA0, 0x02,
    0xBA, 0x9F, 0x05, 0xF8, 0x0F, 0x52, 0xF1, 0x94, 0x1A, 0xA4, 0xF6, 0x91, 0xC9, 0xB6, 0xC2, 0xD5,
    0xA4, 0x8C, 0x81, 0xC4, 0x93, 0xFF, 0x00, 0x0C, 0x43, 0x3D, 0xC8, 0x0D, 0xFA, 0x7A, 0xD7, 0x31,
    0x13, 0xAC, 0x72, 0xA4, 0x8F, 0x1A, 0xC8, 0xAA, 0xC0, 0x94, 0x6C, 0xE1, 0x87, 0xA1, 0xC6, 0x0E,
    0x0F, 0xB1, 0xAF, 0xA2, 0xFE, 0x17, 0xF8, 0xEB, 0xC3, 0x7A, 0xAE, 0x81, 0x35, 0xAD, 0xBD, 0x85,
    0xB6, 0x8A, 0xDA, 0x54, 0x46, 0x6B, 0x88, 0x23, 0x3F, 0xBA, 0x11, 0xF7, 0x95, 0x49, 0xE4, 0x8F,
    0x5C, 0xE4, 0x83, 0x8E, 0x4E, 0x45, 0x00, 0x7C, 0xE6, 0xE8, 0xF1, 0xB3, 0x23, 0xA9, 0x56, 0x53,
    0x82, 0x08, 0xC1, 0x07, 0xD2, 0x93, 0xF0, 0xAE, 0xB7, 0xE2, 0x2F, 0x8B, 0x34, 0x7F, 0x16, 0x6B,
    0x2F, 0x79, 0xA4, 0xE8, 0x30, 0x59, 0x28, 0x73, 0x9B, 0x81, 0x91, 0x2D, 0xC7, 0xFB, 0x4E, 0x01,
    0xDA, 0x3F, 0x2C, 0xFA, 0x93, 0x5C, 0x95, 0x00, 0x14, 0xA2, 0x92, 0x94, 0x50, 0x02, 0x1E, 0xB4,
    0x51, 0x45, 0x00, 0x14, 0x51, 0x45, 0x00, 0x14, 0x51, 0x45, 0x00, 0x14, 0x51, 0x45, 0x00, 0x14,
    0x51, 0x45, 0x00, 0x14, 0x51, 0x45, 0x00, 0x1D, 0xA8, 0xA2, 0x8A, 0x00, 0x28, 0xA2, 0x8A, 0x00,
    0x28, 0xA2, 0x8A, 0x00, 0x28, 0xA2, 0x8A, 0x00, 0x28, 0xA2, 0x8A, 0x00, 0x28, 0xA2, 0x8A, 0x00,
    0x28, 0xA2, 0x8A, 0x00, 0x28, 0xA2, 0x8A, 0x00, 0x28, 0xA2, 0x8A, 0x00, 0x28, 0xA2, 0x8A, 0x00,
    0x28, 0xA2, 0x8A, 0x00, 0x28, 0xA2, 0x8A, 0x00, 0x28, 0xA2, 0x8A, 0x00, 0x28, 0xA2, 0x8A, 0x00,
    0x28, 0xA2, 0x8A, 0x00, 0x28, 0xA2, 0x8A, 0x00, 0x28, 0xA2, 0x8A, 0x00, 0x28, 0xA2, 0x8A, 0x00,
    0x28, 0xA2, 0x8A, 0x00, 0x28, 0xA2, 0x8A, 0x00, 0x28, 0xA2, 0x8A, 0x00, 0x28, 0xA2, 0x8A, 0x00,
    0x28, 0xA2, 0x8A, 0x00, 0x28, 0xA2, 0x8A, 0x00, 0x28, 0xA2, 0x8A, 0x00, 0x28, 0xA2, 0x8A, 0x00,
    0x28, 0xA2, 0x8A, 0x00, 0x28, 0xA2, 0x8A, 0x00, 0x28, 0xA2, 0x8A, 0x00, 0x28, 0xA2, 0x8A, 0x00,
    0x28, 0xA2, 0x8A, 0x00, 0x28, 0xA2, 0x8F, 0xC2, 0x80, 0x0A, 0x28, 0xA2, 0x80, 0x0A, 0x28, 0xA2,
    0x80, 0x0A, 0x28, 0xA2, 0x80, 0x0A, 0x28, 0xA2, 0x80, 0x0A, 0x28, 0xA2, 0x80, 0x0A, 0x28, 0xA2,
    0x80, 0x0A, 0x28, 0xA2, 0x80, 0x0A, 0x28, 0xA2, 0x80, 0x0A, 0x28, 0xA2, 0x80, 0x0A, 0x9E, 0xD2,
    0xFA, 0xF2, 0xC4, 0x4E, 0x2D, 0x27, 0x68, 0x85, 0xCC, 0x4D, 0x04, 0xBB, 0x7F, 0x8E, 0x32, 0x41,
    0x2A, 0x7D, 0x8E, 0x05, 0x41, 0x45, 0x00, 0x14, 0x51, 0x45, 0x00, 0x14, 0xA2, 0x93, 0x8A, 0x51,
    0x40, 0x09, 0x45, 0x4D, 0xF6, 0x2B, 0xCF, 0xF9, 0xF5, 0x9B, 0xFE, 0xFD, 0x9F, 0xF0, 0xA5, 0xFB,
    0x15, 0xDF, 0xFC, 0xFA, 0xCD, 0xFF, 0x00, 0x7E, 0xCF, 0xF8, 0x50, 0x04, 0x14, 0x54, 0xFF, 0x00,
    0x62, 0xBC, 0xFF, 0x00, 0x9F, 0x59, 0xBF, 0xEF, 0xD9, 0xFF, 0x00, 0x0A, 0x3E, 0xC5, 0x79, 0xFF,
    0x00, 0x3E, 0x93, 0x7F, 0xDF, 0xB3, 0xFE, 0x14, 0x01, 0x05, 0x1D, 0xEA, 0x7F, 0xB0, 0xDE, 0x7F,
    0xCF, 0xAC, 0xDF, 0xF7, 0xEC, 0xD1, 0xF6, 0x2B, 0xCF, 0xF9, 0xF5, 0x9B, 0xFE, 0xFD, 0x9F, 0xF0,
    0xA0, 0x08, 0x28, 0xA9, 0xFE, 0xC3, 0x79, 0xFF, 0x00, 0x3E, 0x93, 0x7F, 0xDF, 0xB3, 0xFE, 0x14,
    0x7D, 0x86, 0xF3, 0xFE, 0x7D, 0x66, 0xFF, 0x00, 0xBF, 0x67, 0xFC, 0x28, 0x02, 0x0A, 0x2A, 0x7F,
    0xB0, 0xDE, 0x7F, 0xCF, 0xA4, 0xDF, 0xF7, 0xED, 0xA8, 0xFB, 0x0D, 0xE7, 0xFC, 0xFA, 0x4D, 0xFF,
    0x00, 0x7E, 0xCF, 0xF8, 0x50, 0x04, 0x14, 0x54, 0xFF, 0x00, 0x62, 0xBC, 0xFF, 0x00, 0x9F, 0x59,
    0xBF, 0xEF, 0xD9, 0xA3, 0xEC, 0x57, 0x9F, 0xF3, 0xEB, 0x37, 0xFD, 0xFB, 0x3F, 0xE1, 0x40, 0x10,
    0x51, 0x53, 0xFD, 0x8A, 0xF3, 0xFE, 0x7D, 0x26, 0xFF, 0x00, 0xBF, 0x6D, 0x47, 0xD8, 0xAE, 0xFF,
    0x00, 0xE7, 0xD6, 0x6F, 0xFB, 0xF6, 0x7F, 0xC2, 0x80, 0x20, 0xA2, 0xA7, 0xFB, 0x15, 0xDF, 0xFC,
    0xFA, 0xCD, 0xFF, 0x00, 0x7E, 0xCF, 0xF8, 0x51, 0xF6, 0x2B, 0xCF, 0xF9, 0xF4, 0x9B, 0xFE, 0xFD,
    0xB7, 0xF8, 0x50, 0x04, 0x14, 0x54, 0xFF, 0x00, 0x62, 0xBB, 0xFF, 0x00, 0x9F, 0x59, 0xBF, 0xEF,
    0xD9, 0xA3, 0xEC, 0x57, 0x7F, 0xF3, 0xEB, 0x37, 0xFD, 0xFB, 0x34, 0x01, 0x05, 0x15, 0x3F, 0xD8,
    0x6F, 0x3F, 0xE7, 0xD6, 0x6F, 0xFB, 0xF6, 0x7F, 0xC2, 0x8F, 0xB1, 0x5E, 0x7F, 0xCF, 0xA4, 0xDF,
    0xF7, 0xEC, 0xFF, 0x00, 0x85, 0x00, 0x41, 0x45, 0x4F, 0xF6, 0x2B, 0xBF, 0xF9, 0xF5, 0x9B, 0xFE,
    0xFD, 0x9F, 0xF0, 0xA3, 0xEC, 0x57, 0x9F, 0xF3, 0xEB, 0x37, 0xFD, 0xFB, 0x3F, 0xE1, 0x40, 0x10,
    0x74, 0xA2, 0xA7, 0xFB, 0x15, 0xE7, 0xFC, 0xFA, 0xCD, 0xFF, 0x00, 0x7E, 0xCF, 0xF8, 0x51, 0xF6,
    0x2B, 0xCF, 0xF9, 0xF4, 0x9B, 0xFE, 0xFD, 0x9F, 0xF0, 0xA0, 0x08, 0x28, 0xA9, 0xFE, 0xC5, 0x79,
    0xFF, 0x00, 0x3E, 0xB3, 0x7F, 0xDF, 0xB6, 0xFF, 0x00, 0x0A, 0x3E, 0xC5, 0x79, 0xFF, 0x00, 0x3E,
    0x93, 0xFF, 0x00, 0xDF, 0xB3, 0xFE, 0x14, 0x01, 0x05, 0x1F, 0x8D, 0x4F, 0xF6, 0x2B, 0xCF, 0xF9,
    0xF5, 0x9B, 0xFE, 0xFD, 0xB5, 0x1F, 0x62, 0xBB, 0xFF, 0x00, 0x9F, 0x49, 0xBF, 0xEF, 0xD9, 0xFF,
    0x00, 0x0A, 0x00, 0x82, 0x8A, 0x9F, 0xEC, 0x57, 0x9F, 0xF3, 0xEB, 0x37, 0xFD, 0xFB, 0x6A, 0x3E,
    0xC5, 0x79, 0xFF, 0x00, 0x3E, 0xB3, 0x7F, 0xDF, 0xB3, 0xFE, 0x14, 0x01, 0x05, 0x15, 0x3F, 0xD8,
    0xAE, 0xFF, 0x00, 0xE7, 0xD2, 0x6F, 0xFB, 0xF6, 0x68, 0xFB, 0x15, 0xDF, 0xFC, 0xFA, 0xCD, 0xFF,
    0x00, 0x7E, 0xCF, 0xF8, 0x50, 0x04, 0x14, 0x54, 0xFF, 0x00, 0x62, 0xBC, 0xFF, 0x00, 0x9F, 0x59,
    0xBF, 0xEF, 0xD9, 0xFF, 0x00, 0x0A, 0x3E, 0xC5, 0x77, 0xFF, 0x00, 0x3E, 0xB3, 0x7F, 0xDF, 0xB3,
    0x40, 0x10, 0x51, 0x53, 0xFD, 0x8A, 0xF3, 0xFE, 0x7D, 0x66, 0xFF, 0x00, 0xBF, 0x67, 0xFC, 0x28,
    0xFB, 0x15, 0xDF, 0xFC, 0xFA, 0xCD, 0xFF, 0x00, 0x7E, 0xCF, 0xF8, 0x50, 0x04, 0x14, 0x54, 0xFF,
    0x00, 0x62, 0xBC, 0xFF, 0x00, 0x9F, 0x59, 0xBF, 0xEF, 0xD9, 0xFF, 0x00, 0x0A, 0x3E, 0xC5, 0x77,
    0xFF, 0x00, 0x3E, 0xB3, 0x7F, 0xDF, 0xB3, 0x40, 0x10, 0x51, 0xF8, 0xD4, 0xFF, 0x00, 0x62, 0xBB,
    0xFF, 0x00, 0x9F, 0x59, 0xBF, 0xEF, 0xD9, 0xFF, 0x00, 0x0A, 0x3E, 0xC5, 0x79, 0xFF, 0x00, 0x3E,
    0x93, 0x7F, 0xDF, 0xB3, 0x40, 0x10, 0x51, 0x53, 0xFD, 0x8A, 0xF3, 0xFE, 0x7D, 0x66, 0xFF, 0x00,
    0xBF, 0x67, 0xFC, 0x28, 0xFB, 0x15, 0xE7, 0xFC, 0xFA, 0xCD, 0xFF, 0x00, 0x7E, 0xCD, 0x00, 0x41,
    0x45, 0x4F, 0xF6, 0x2B, 0xBF, 0xF9, 0xF5, 0x9B, 0xFE, 0xFD, 0x9F, 0xF0, 0xA3, 0xEC, 0x57, 0x9F,
    0xF3, 0xE9, 0x37, 0xFD, 0xFB, 0x34, 0x01, 0x05, 0x15, 0x3F, 0xD8, 0xAF, 0x3F, 0xE7, 0xD2, 0x6F,
    0xFB, 0xF6, 0x7F, 0xC2, 0x8F, 0xB1, 0x5E, 0x7F, 0xCF, 0xA4, 0xDF, 0xF7, 0xEC, 0xFF, 0x00, 0x85,
    0x00, 0x41, 0x47, 0xE3, 0x53, 0xFD, 0x8A, 0xF3, 0xFE, 0x7D, 0x66, 0xFF, 0x00, 0xBF, 0x66, 0x8F,
    0xB1, 0x5E, 0x7F, 0xCF, 0xAC, 0xDF, 0xF7, 0xEC, 0xFF, 0x00, 0x85, 0x00, 0x41, 0x45, 0x4F, 0xF6,
    0x2B, 0xCF, 0xF9, 0xF4, 0x9B, 0xFE, 0xFD, 0x9F, 0xF0, 0xA3, 0xEC, 0x37, 0x9F, 0xF3, 0xEB, 0x37,
    0xFD, 0xFB, 0x3F, 0xE1, 0x40, 0x10, 0x51, 0x53, 0xFD, 0x8A, 0xF3, 0xFE, 0x7D, 0x66, 0xFF, 0x00,
    0xBF, 0x67, 0xFC, 0x28, 0xFB, 0x15, 0xDF, 0xFC, 0xFA, 0xCD, 0xFF, 0x00, 0x7E, 0xCF, 0xF8, 0x50,
    0x04, 0x14, 0x54, 0xDF, 0x62, 0xBB, 0xFF, 0x00, 0x9F, 0x59, 0xBF, 0xEF, 0xD9, 0xFF, 0x00, 0x0A,
    0x5F, 0xB1, 0x5D, 0xFF, 0x00, 0xCF, 0xAC, 0xDF, 0xF7, 0xEC, 0xFF, 0x00, 0x85, 0x00, 0x41, 0x47,
    0x35, 0x3F, 0xD8, 0xAE, 0xFF, 0x00, 0xE7, 0xD6, 0x6F, 0xFB, 0xF6, 0x7F, 0xC2, 0x8F, 0xB1, 0x5D,
    0xFF, 0x00, 0xCF, 0xAC, 0xDF, 0xF7, 0xEC, 0xFF, 0x00, 0x85, 0x00, 0x41, 0x45, 0x4F, 0xF6, 0x2B,
    0xCF, 0xF9, 0xF4, 0x9B, 0xFE, 0xFD, 0x9F, 0xF0, 0xA3, 0xEC, 0x57, 0x7F, 0xF3, 0xEB, 0x37, 0xFD,
    0xFB, 0x3F, 0xE1, 0x40, 0x10, 0x51, 0x53, 0xFD, 0x8A, 0xEF, 0xFE, 0x7D, 0x66, 0xFF, 0x00, 0xBF,
    0x67, 0xFC, 0x28, 0xFB, 0x15, 0xE7, 0xFC, 0xFA, 0xCD, 0xFF, 0x00, 0x7E, 0xCD, 0x00, 0x41, 0x45,
    0x4D, 0xF6, 0x2B, 0xBF, 0xF9, 0xF5, 0x9B, 0xFE, 0xFD, 0x9A, 0x3E, 0xC5, 0x79, 0xFF, 0x00, 0x3E,
    0xB3, 0x7F, 0xDF, 0xB3, 0x40, 0x10, 0xD1, 0x53, 0xFD, 0x8A, 0xEF, 0xFE, 0x7D, 0x66, 0xFF, 0x00,
    0xBF, 0x67, 0xFC, 0x28, 0xFB, 0x15, 0xE7, 0xFC, 0xFA, 0xCD, 0xFF, 0x00, 0x7E, 0xCF, 0xF8, 0x50,
    0x04, 0x14, 0x54, 0xFF, 0x00, 0x62, 0xBB, 0xFF, 0x00, 0x9F, 0x59, 0xBF, 0xEF, 0xD9, 0xFF, 0x00,
    0x0A, 0x3E, 0xC5, 0x79, 0xFF, 0x00, 0x3E, 0xB3, 0x7F, 0xDF, 0xB3, 0xFE, 0x14, 0x01, 0x05, 0x15,
    0x3F, 0xD8, 0xAF, 0x3F, 0xE7, 0xD6, 0x6F, 0xFB, 0xF6, 0x7F, 0xC2, 0x8F, 0xB1, 0x5E, 0x7F, 0xCF,
    0xA4, 0xDF, 0xF7, 0xED, 0xBF, 0xC2, 0x80, 0x20, 0xA2, 0xA7, 0xFB, 0x15, 0xE7, 0xFC, 0xFA, 0xCD,
    0xFF, 0x00, 0x7E, 0xCF, 0xF8, 0x51, 0xF6, 0x2B, 0xCF, 0xF9, 0xF5, 0x9B, 0xFE, 0xFD, 0x9F, 0xF0,
    0xA0, 0x08, 0x3B, 0xD1, 0x53, 0xFD, 0x8A, 0xF3, 0xFE, 0x7D, 0x66, 0xFF, 0x00, 0xBF, 0x66, 0x8F,
    0xB1, 0x5D, 0xFF, 0x00, 0xCF, 0xAC, 0xDF, 0xF7, 0xEC, 0xFF, 0x00, 0x85, 0x00, 0x41, 0xF8, 0xD1,
    0x53, 0xFD, 0x8A, 0xF3, 0xFE, 0x7D, 0x27, 0xFF, 0x00, 0xBF, 0x67, 0xFC, 0x28, 0xFB, 0x15, 0xE7,
    0xFC, 0xFA, 0x4D, 0xFF, 0x00, 0x7E, 0xCF, 0xF8, 0x50, 0x04, 0x14, 0x54, 0xFF, 0x00, 0x62, 0xBC,
    0xFF, 0x00, 0x9F, 0x49, 0xBF, 0xEF, 0xDB, 0x7F, 0x85, 0x1F, 0x61, 0xBC, 0xFF, 0x00, 0x9F, 0x49,
    0xBF, 0xEF, 0xDB, 0x7F, 0x85, 0x00, 0x41, 0x47, 0xE3, 0x53, 0xFD, 0x86, 0xF3, 0xFE, 0x7D, 0x27,
    0xFF, 0x00, 0xBF, 0x6D, 0xFE, 0x14, 0x7D, 0x86, 0xF3, 0xFE, 0x7D, 0x26, 0xFF, 0x00, 0xBF, 0x67,
    0xFC, 0x28, 0x02, 0x0A, 0x2A, 0x7F, 0xB1, 0x5E, 0x7F, 0xCF, 0xA4, 0xDF, 0xF7, 0xED, 0xA8, 0xFB,
    0x0D, 0xE7, 0xFC, 0xFA, 0x4F, 0xFF, 0x00, 0x7E, 0xDA, 0x80, 0x20, 0xFC, 0x68, 0xA9, 0xFE, 0xC3,
    0x79, 0xD7, 0xEC, 0x93, 0xFF, 0x00, 0xDF, 0xB6, 0xFF, 0x00, 0x0A, 0x3E, 0xC3, 0x79, 0xFF, 0x00,
    0x3E, 0x93, 0x7F, 0xDF, 0xB6, 0xFF, 0x00, 0x0A, 0x00, 0x82, 0x8A, 0x9F, 0xEC, 0x37, 0x9F, 0xF3,
    0xE9, 0x37, 0xFD, 0xFB, 0x3F, 0xE1, 0x47, 0xD8, 0xAF, 0x3F, 0xE7, 0xD2, 0x7F, 0xFB, 0xF6, 0x7F,
    0xC2, 0x80, 0x20, 0xA3, 0xF1, 0xA9, 0xFE, 0xC5, 0x77, 0xFF, 0x00, 0x3E, 0xB3, 0x7F, 0xDF, 0xB3,
    0xFE, 0x14, 0x7D, 0x86, 0xF3, 0xB5, 0xA4, 0xDF, 0xF7, 0xEC, 0xD0, 0x04, 0x1F, 0x8D, 0x15, 0x3F,
    0xD8, 0xAF, 0x3F, 0xE7, 0xD2, 0x7F, 0xFB, 0xF6, 0x7F, 0xC2, 0x8F, 0xB0, 0xDE, 0x7F, 0xCF, 0xA4,
    0xDF, 0xF7, 0xED, 0xA8, 0x02, 0x0A, 0x3F, 0x1A, 0x9F, 0xEC, 0x37, 0x9F, 0xF3, 0xE9, 0x37, 0xFD,
    0xFB, 0x6F, 0xF0, 0xA3, 0xEC, 0x37, 0x9F, 0xF3, 0xE9, 0x37, 0xFD, 0xFB, 0x6F, 0xF0, 0xA0, 0x08,
    0x28, 0xA9, 0xFE, 0xC3, 0x79, 0xFF, 0x00, 0x3E, 0x93, 0xFF, 0x00, 0xDF, 0xB3, 0xFE, 0x14, 0x7D,
    0x86, 0xF7, 0xFE, 0x7D, 0x27, 0xFF, 0x00, 0xBF, 0x6D, 0xFE, 0x14, 0x01, 0x05, 0x15, 0x3F, 0xD8,
    0x6F, 0x7F, 0xE7, 0xD2, 0x7F, 0xFB, 0xF6, 0xDF, 0xE1, 0x47, 0xD8, 0x6F, 0x3F, 0xE7, 0xD2, 0x6F,
    0xFB, 0xF6, 0xDF, 0xE1, 0x40, 0x10, 0x51, 0xF8, 0xD4, 0xFF, 0x00, 0x61, 0xBC, 0xFF, 0x00, 0x9F,
    0x49, 0xFF, 0x00, 0xEF, 0xDB, 0x7F, 0x85, 0x1F, 0x62, 0xBC, 0xEF, 0x69, 0x3F, 0xFD, 0xFB, 0x3F,
    0xE1, 0x40, 0x10, 0x51, 0x53, 0xFD, 0x8A, 0xF3, 0xFE, 0x7D, 0x66, 0xFF, 0x00, 0xBF, 0x67, 0xFC,
    0x28, 0xFB, 0x15, 0xE7, 0xFC, 0xFA, 0x4D, 0xFF, 0x00, 0x7E, 0xCF, 0xF8, 0x50, 0x04, 0x1D, 0xE9,
    0xC2, 0xA5, 0xFB, 0x0D, 0xE7, 0xFC, 0xFA, 0x4F, 0xFF, 0x00, 0x7E, 0xCF, 0xF8, 0x52, 0x8B, 0x1B,
    0xCE, 0xD6, 0x93, 0xFF, 0x00, 0xDF, 0xB6, 0xFF, 0x00, 0x0A, 0x00, 0xFF, 0xD9,
};
